data:text/csv;charset=utf-8,https://syllabus.sfc.keio.ac.jp/courses/2024_46893?locale=ja,JP/EN,ログイン,シラバス,科目名デジタル戦略とアーキテクチャー ,授業概要,学部・研究科,政策・メディア研究科,登録番号,42115,科目ソート,95047,科目名,デジタル戦略とアーキテクチャー,分野,特設科目,単位,2単位,開講年度・学期,2024 秋学期,K-Number,GMG-MG-67303-311-81,開講年度・学期,2024 秋学期,曜日・時限,木 5限,授業教員名,國領　二郎,中村　修,増田　佳正,西村　秀和,実施形態,対面,授業で使う言語,日本語,開講場所,その他,授業形態,※「授業形態」と「能動的学修形式」の対応についてはこちらをご覧ください。,講義,GIGAサティフィケート対象,非対象,詳細,講義概要,シラバスを更に閲覧するにはCNSアカウントでログインが必要です,湘南藤沢キャンパスシラバス検索システム,©Keio University.
https://syllabus.sfc.keio.ac.jp/courses/2024_46893?locale=en,JP/EN,Login,Syllabus,SubjectARCHITECTURE FOR DIGITAL TRANSFORMATION ,Class Information,Faculty/Graduate School,MEDIA AND GOVERNANCE,Course Registration Number,42115,Subject Sort,95047,Title,ARCHITECTURE FOR DIGITAL TRANSFORMATION,Field,Special Courses,Unit,2 Unit,Year/Semester,2024 Fall,K-Number,GMG-MG-67303-311-81,Year/Semester,2024 Fall,Day of Week・Period,Thu 5th,Lecturer Name,Jiro Kokuryo,Osamu Nakamura,Yoshimasa Masuda,Hidekazu Nishimura,Class Format,Face-to-face,Language,Japanese,Location,Other,Class Style,＊Please click here for more information on the correspondence between 'Class Style' and ’Active Learning Methods’.,Lecture,GIGA Certificate,Not applied,Detail,Course Summary,To view more information, you need to log in with your CNS account.,湘南藤沢キャンパスシラバス検索システム,©Keio University.
https://syllabus.sfc.keio.ac.jp/courses/2024_48723?locale=ja,JP/EN,ログイン,シラバス,科目名アカデミックプロジェクト（プラットフォームとイノベーション） ,授業概要,学部・研究科,政策・メディア研究科,登録番号,47930,科目ソート,70002,科目名,アカデミックプロジェクト（プラットフォームとイノベーション）,分野,プロジェクト科目,単位,1単位,開講年度・学期,2024 秋学期,K-Number,GMG-MG-67203-611-89,開講年度・学期,2024 秋学期,曜日・時限,授業教員名,飯盛　義徳,國領　二郎,琴坂　将広,秋山　美紀,清水　たくみ,保田　隆明,吉井　弘和,実施形態,対面,授業で使う言語,日本語,開講場所,SFC,授業形態,※「授業形態」と「能動的学修形式」の対応についてはこちらをご覧ください。,講義,GIGAサティフィケート対象,非対象,詳細,講義概要,　昨今、ネットワーク化が進展し、ビジネス、社会における問題を解決するキーワードとして「プラットフォーム」という概念に注目が集まっている。プラットフォームとは、第三者間の相互作用を活性化させるコミュニケーション基盤であり、設計される対象ともいえる。本研究プロジェクトでは、実証、実践、理論研究などを融合して、効果的なプラットフォームを設計、構築し、イノベーションをもたらすための具体的方策について探究する。,　領域としては、営利、非営利を問わず、ビジネスモデル、地域再生、コミュニティヘルス、情報社会などを広くカバーする。また、マネジメント、ネットワーク、 情報、社会性と事業性、イノベーションなどが共通のキーワードとなる。,シラバスを更に閲覧するにはCNSアカウントでログインが必要です,湘南藤沢キャンパスシラバス検索システム,©Keio University.
https://syllabus.sfc.keio.ac.jp/courses/2024_48723?locale=en,JP/EN,Login,Syllabus,SubjectACADEMIC PROJECT(PLATFORM AND INNOVATION) ,Class Information,Faculty/Graduate School,MEDIA AND GOVERNANCE,Course Registration Number,47930,Subject Sort,70002,Title,ACADEMIC PROJECT(PLATFORM AND INNOVATION),Field,Project Courses,Unit,1 Unit,Year/Semester,2024 Fall,K-Number,GMG-MG-67203-611-89,Year/Semester,2024 Fall,Day of Week・Period,Lecturer Name,Yoshinori Isagai,Jiro Kokuryo,Masahiro Kotosaka,Miki Akiyama,Takumi Shimizu,Takaaki Hoda,Hirokazu Yoshii,Class Format,Face-to-face,Language,Japanese,Location,SFC,Class Style,＊Please click here for more information on the correspondence between 'Class Style' and ’Active Learning Methods’.,Lecture,GIGA Certificate,Not applied,Detail,Course Summary, As networking has progressed, the concept of “Platform” has attracted attention as a keyword to solve problems of society. The platform is a base where reciprocal action of various entities will be revitalized and is also an object to be designed. In this study project, we will explore the concrete measure to design and construct an effective platform by integrating verification, practice, theory study, etc., The field of study covers, regardless of profit or non-profit, business model, regional construction, revitalization of traditional industry community health, agriculture and information society. The mutual keywords are; network, information, sociality, and feasibility, innovation. ,To view more information, you need to log in with your CNS account.,湘南藤沢キャンパスシラバス検索システム,©Keio University.
https://syllabus.sfc.keio.ac.jp/courses/2024_48687?locale=ja,JP/EN,ログイン,シラバス,科目名アカデミックプロジェクト（グローバルガバナンスとリージョナルストラテジー（グローバル）） ,授業概要,学部・研究科,政策・メディア研究科,登録番号,47538,科目ソート,70002,科目名,アカデミックプロジェクト（グローバルガバナンスとリージョナルストラテジー（グローバル））,分野,プロジェクト科目,単位,1単位,開講年度・学期,2024 秋学期,K-Number,GMG-MG-67203-611-86,開講年度・学期,2024 秋学期,曜日・時限,授業教員名,廣瀬　陽子,神保　謙,土屋　大洋,田中　浩一郎,ヴ，　レ　タオ　チ,田島　英一,加茂　具樹,鶴岡　路人,野中　葉,鄭　浩瀾,渡辺　将人,藤田　元信,実施形態,対面,授業で使う言語,日本語,開講場所,SFC, その他,授業形態,※「授業形態」と「能動的学修形式」の対応についてはこちらをご覧ください。,演習, グループワーク,GIGAサティフィケート対象,非対象,詳細,講義概要,グローバル化の進行に伴って世界各地で浮上する多種多様な問題に対して、どのように地域の実情に即して分析するのか？本科目は、リージョナルなガバナンスの方途を、関連する諸学問領域の統合的かつ実践的な把握と活用を通じて考察・提示するとともに、人類社会共通の平和と繁栄を実現するためのグローバルなガバナンスの知見に基づく実現可能な戦略性（ストラテジー）を探求・構築していきます。,日本・中国・朝鮮半島を含む東アジア、東南アジア、ラテンアメリカ、・北アメリカ・ヨーロッパ・イスラーム圏を中心としたフィールド・ワークを重視すると同時に、政治・経済・外交・安全保障・国際関係・金融・法などのほか言語・文化・情報・社会・宇宙・宗教に至る幅広い専門領域から総合的なアプローチが行なわれます。,プログラム内外の活発な研究交流は特徴的であり、多様な地域および専門領域間の比較研究・相関研究の場としても最適です。さらにプログラムでは国際学術会議を定期的に開催しており、登録履修者には発表の機会も用意されています。,シラバスを更に閲覧するにはCNSアカウントでログインが必要です,湘南藤沢キャンパスシラバス検索システム,©Keio University.
https://syllabus.sfc.keio.ac.jp/courses/2024_48687?locale=en,JP/EN,Login,Syllabus,SubjectACADEMIC PROJECT(GLOBAL GOVERNANCE AND REGIONAL STRATEGY (GLOBAL)) ,Class Information,Faculty/Graduate School,MEDIA AND GOVERNANCE,Course Registration Number,47538,Subject Sort,70002,Title,ACADEMIC PROJECT(GLOBAL GOVERNANCE AND REGIONAL STRATEGY (GLOBAL)),Field,Project Courses,Unit,1 Unit,Year/Semester,2024 Fall,K-Number,GMG-MG-67203-611-86,Year/Semester,2024 Fall,Day of Week・Period,Lecturer Name,Yoko Hirose,Ken Jimbo,Motohiro Tsuchiya,Koichiro Tanaka,Le Thao Chi Vu,Eiichi Tajima,Tomoki Kamo,Michito Tsuruoka,Yo Nonaka,Haolan Zheng,Masahito Watanabe,Motonobu Fujita,Class Format,Face-to-face,Language,Japanese,Location,SFC, Other,Class Style,＊Please click here for more information on the correspondence between 'Class Style' and ’Active Learning Methods’.,Seminar, Group Work,GIGA Certificate,Not applied,Detail,Course Summary,Academic Project "Global Governance and Regional Strategy" (Regional) aims for enhancing your understanding of contemporary global/regional political economy through examining theories, policy frameworks and practices.,This project offers platform for discussion among GR Program students and professors.,To view more information, you need to log in with your CNS account.,湘南藤沢キャンパスシラバス検索システム,©Keio University.
https://syllabus.sfc.keio.ac.jp/courses/2024_48714?locale=ja,JP/EN,ログイン,シラバス,科目名アカデミックプロジェクト（ｘＳＤＧ） ,授業概要,学部・研究科,政策・メディア研究科,登録番号,47834,科目ソート,70002,科目名,アカデミックプロジェクト（ｘＳＤＧ）,分野,プロジェクト科目,単位,1単位,開講年度・学期,2024 秋学期,K-Number,GMG-MG-67203-611-88,開講年度・学期,2024 秋学期,曜日・時限,授業教員名,小林　博人,蟹江　憲史,国谷　裕子,実施形態,対面,授業で使う言語,日本語,開講場所,SFC,授業形態,※「授業形態」と「能動的学修形式」の対応についてはこちらをご覧ください。,演習, 実験・実習・実技, グループワーク,GIGAサティフィケート対象,非対象,詳細,講義概要,本科目は、xSDGラボ・コンソーシアムと協力しながら、企業におけるSDGs達成へ向けた行動推進を実践的に学び、その課題と課題克服方法を検討する。その際には、SDGsのガバナンス構造、設計、内容、性格について概観したうえで、アクティブ・ラーニングとして、受講者によって課題克服方法を具体的に考案していく。これらを通じて、持続可能な開発ガバナンスにおける、今日のSDGsをめぐるダイナミズムについて学んでいく。最初の会合は学部研究会と合同で10月7日3限に行う。場所はε12を予定。,シラバスを更に閲覧するにはCNSアカウントでログインが必要です,湘南藤沢キャンパスシラバス検索システム,©Keio University.
https://syllabus.sfc.keio.ac.jp/courses/2024_48714?locale=en,JP/EN,Login,Syllabus,SubjectACADEMIC PROJECT(XSDG) ,Class Information,Faculty/Graduate School,MEDIA AND GOVERNANCE,Course Registration Number,47834,Subject Sort,70002,Title,ACADEMIC PROJECT(XSDG),Field,Project Courses,Unit,1 Unit,Year/Semester,2024 Fall,K-Number,GMG-MG-67203-611-88,Year/Semester,2024 Fall,Day of Week・Period,Lecturer Name,Hiroto Kobayashi,Norichika Kanie,,Class Format,Face-to-face,Language,Japanese,Location,SFC,Class Style,＊Please click here for more information on the correspondence between 'Class Style' and ’Active Learning Methods’.,Seminar, Lab / On-site Training / Skill-Development, Group Work,GIGA Certificate,Not applied,Detail,Course Summary,This course is organized in collaboration with xSDG laboratory and its consortium, designed to understand and promote private business and local actions on the SDGs. Students are expected to produce an actionable proposal to initiate transfromations towards sustainability. The first meeting will take place at the 3rd period on 7 Oct. at e12, and taking place along with seminar group meeting. ,To view more information, you need to log in with your CNS account.,湘南藤沢キャンパスシラバス検索システム,©Keio University.
https://syllabus.sfc.keio.ac.jp/courses/2024_48712?locale=ja,JP/EN,ログイン,シラバス,科目名アカデミックプロジェクト（「身体化デザイン」プログラム） ,授業概要,学部・研究科,政策・メディア研究科,登録番号,47815,科目ソート,70002,科目名,アカデミックプロジェクト（「身体化デザイン」プログラム）,分野,プロジェクト科目,単位,1単位,開講年度・学期,2024 秋学期,K-Number,GMG-MG-67203-611-88,開講年度・学期,2024 秋学期,曜日・時限,授業教員名,石川　初,小林　博人,高汐　一紀,諏訪　正樹,実施形態,対面,授業で使う言語,日本語,開講場所,SFC, その他,授業形態,※「授業形態」と「能動的学修形式」の対応についてはこちらをご覧ください。,講義, 演習, グループワーク,GIGAサティフィケート対象,非対象,詳細,講義概要,「身体化デザイン」プログラム,高度に情報化され、構築された社会で人と人が共存して生活する現代、時間も空間も人間の行動そのものも人間のスケールを凌駕する環境の中で私達は日々の生活を送ることを余儀なくされている。しかし人間の制御可能な範囲を越えた事態に対する高度に複雑化したシステムに依存した現代社会には、それに起因する問題が多発している。,　現代のネット社会における匿名性の横行、死に対する体験の不足からくる殺傷に対する意識の欠如など、人間の成長過程における「自分」と環境との実体的な関係の再構築の必要性が語られて久しい。,　建築・都市環境の分野では、高度に専門化され分業化された建築技術に根ざした集団による都市建築物の構築により、誰の認識下にも入らないが為に放置され結果として安全性を欠いた建築物が出現するという事態や、自分とそれを取り巻く集団としてのコミュニティへの介入がなくなることによる住民の孤立、都市生活の安全性の欠如などがそれらであろう。今までの社会では自分が積極的に関わることで成り立っていたことが徐々に他人事にされてしまっているという人任せの志向と深く関係している。,　この現代社会における他人事意識を理解し、その問題に直接的に答えるためには、その問題の最も根幹にある人間の身体性そのものの意味を問い直す必要があるのではないだろうか。自分の身体と心を良く理解し、自分の力でできる或はできないという能力の限界を知り、自分なりの解決方法を獲得し、自分の身の丈にあった人間関係を構築する。このように、自分を理解する者同士の作る豊かな人間集団としての社会構築を目指すためには、人間の「身体」に今一度立ち返って、あらゆる分野の、人間とそれを取り巻く環境との関係の再検証を行なうことが求められている。そのためのアプローチを身体化デザインとして提案する。,本学期のテーマは初回授業時に発表する。,シラバスを更に閲覧するにはCNSアカウントでログインが必要です,湘南藤沢キャンパスシラバス検索システム,©Keio University.
https://syllabus.sfc.keio.ac.jp/courses/2024_48712?locale=en,JP/EN,Login,Syllabus,SubjectACADEMIC PROJECT(EMBODIMENT DESIGN PROGRAM) ,Class Information,Faculty/Graduate School,MEDIA AND GOVERNANCE,Course Registration Number,47815,Subject Sort,70002,Title,ACADEMIC PROJECT(EMBODIMENT DESIGN PROGRAM),Field,Project Courses,Unit,1 Unit,Year/Semester,2024 Fall,K-Number,GMG-MG-67203-611-88,Year/Semester,2024 Fall,Day of Week・Period,Lecturer Name,Hajime Ishikawa,Hiroto Kobayashi,Kazunori Takashio,Masaki Suwa,Class Format,Face-to-face,Language,Japanese,Location,SFC, Other,Class Style,＊Please click here for more information on the correspondence between 'Class Style' and ’Active Learning Methods’.,Lecture, Seminar, Group Work,GIGA Certificate,Not applied,Detail,Course Summary,‘Embodiment Design’ Program,In our highly information-oriented and established world we are forced to live in an environment where time, space and human activities are all over scale in our daily lives. In this current society where people depend on extremely complicated systems which are beyond our control, we face many problems which stem from this situation. ,　Regarding the level of anonymity the current internet society allows, and lack of awareness of murders without experience of death in people’s lives and so on, it has been long since we started to discuss the necessity of reestablishing actual relationships between ‘ourself’ and the environment around us.,　In order to understand the tendency of putting responsibility to others in this contemporary society, and respond to the problem directly, it is necessary to understand the consciousness of the people who the problems stem from. It is necessary to comprehend your body and soul well, to know your capacity with which you can do or cannot do, to establish your own way to solve problems, and to create human relationships matching your lifestyle. ,　To aim to establish a society where people understand themselves well and understand each other, it is necessary to reconfirm how people relate to their environment by redefining their ‘body’ in any field. To understand one's own body and mind well, to know the limits of one's ability to do what one can or cannot do by oneself, to acquire one's own solutions, and to build human relationships that are suited to one's own stature. In this way, in order to build a society as a rich human group made up of people who understand themselves, it is necessary to go back to the human 'body' and re-examine the relationship between humans and the environment that surrounds them in all fields. We propose an approach to this end in the form of embodied design.,In this semester what we will focus on will be announced at the first class.,To view more information, you need to log in with your CNS account.,湘南藤沢キャンパスシラバス検索システム,©Keio University.
https://syllabus.sfc.keio.ac.jp/courses/2024_48710?locale=ja,JP/EN,ログイン,シラバス,科目名アカデミックプロジェクト（外国語教育デザイン） ,授業概要,学部・研究科,政策・メディア研究科,登録番号,47781,科目ソート,70002,科目名,アカデミックプロジェクト（外国語教育デザイン）,分野,プロジェクト科目,単位,1単位,開講年度・学期,2024 秋学期,K-Number,GMG-MG-67203-621-86,開講年度・学期,2024 秋学期,曜日・時限,授業教員名,藁谷　郁美,國枝　孝弘,西川　葉澄,宮本　大輔,実施形態,オンライン（ライブ）,授業で使う言語,日本語,開講場所,その他,授業形態,※「授業形態」と「能動的学修形式」の対応についてはこちらをご覧ください。,講義, 演習, グループワーク,GIGAサティフィケート対象,非対象,詳細,講義概要,我々を取り巻く物理空間・仮想空間がグローバル化する中で、多言語・多文化社会（コミュニティ）の理解・他者とのコミュニケーション能力は、いっそう重要視される。多様な言語を切り口にした外国語教育は、この社会の様々な局面・現場でリーダーシップを持って課題を解決できる人材育成を目指す。同時に、実践面だけではなく、定量的実験研究・定性的実践研究等を遂行するための、外国語教育研究の基本を指南する。,シラバスを更に閲覧するにはCNSアカウントでログインが必要です,湘南藤沢キャンパスシラバス検索システム,©Keio University.
https://syllabus.sfc.keio.ac.jp/courses/2024_48710?locale=en,JP/EN,Login,Syllabus,SubjectACADEMIC PROJECT(LANGUAGE LEARNING & TEACHING DESIGN) ,Class Information,Faculty/Graduate School,MEDIA AND GOVERNANCE,Course Registration Number,47781,Subject Sort,70002,Title,ACADEMIC PROJECT(LANGUAGE LEARNING & TEACHING DESIGN),Field,Project Courses,Unit,1 Unit,Year/Semester,2024 Fall,K-Number,GMG-MG-67203-621-86,Year/Semester,2024 Fall,Day of Week・Period,Lecturer Name,Ikumi Waragai,Takahiro Kunieda,Hasumi Nishikawa,Daisuke Miyamoto,Class Format,Online (Live),Language,Japanese,Location,Other,Class Style,＊Please click here for more information on the correspondence between 'Class Style' and ’Active Learning Methods’.,Lecture, Seminar, Group Work,GIGA Certificate,Not applied,Detail,Course Summary,As the globalization of our physical and virtual space proceeds, understanding our multi-lingual and multi-cultural community and the ability to communicate with others are becoming gaining in importance. Foreign language education, which is based on diverse languages, aims to educate human resources, fostering leaders who can solve diverse societal problems. At the same time this project will instruct the participants in the basics of the foreign language education research, not only focusing on the practical approach but also on how to conduct quantitative experimental research as well as qualitative empirical research.,To view more information, you need to log in with your CNS account.,湘南藤沢キャンパスシラバス検索システム,©Keio University.
https://syllabus.sfc.keio.ac.jp/courses/2024_48708?locale=ja,JP/EN,ログイン,シラバス,科目名アカデミックプロジェクト（経験の学） ,授業概要,学部・研究科,政策・メディア研究科,登録番号,47762,科目ソート,70002,科目名,アカデミックプロジェクト（経験の学）,分野,プロジェクト科目,単位,1単位,開講年度・学期,2024 秋学期,K-Number,GMG-MG-67203-621-86,開講年度・学期,2024 秋学期,曜日・時限,授業教員名,加藤　文俊,石川　初,諏訪　正樹,木村　健一,山内　朋樹,清水　亮,実施形態,オンライン（ライブ）,授業で使う言語,日本語,開講場所,その他,授業形態,※「授業形態」と「能動的学修形式」の対応についてはこちらをご覧ください。,演習, グループワーク,GIGAサティフィケート対象,非対象,詳細,講義概要,本APは、「経験」を学問の俎上に乗せるための研究方法論を打ち立てることを目指す。経験を語り、進化・醸成させ、伝承するための学と術を構成的に確立する。,シラバスを更に閲覧するにはCNSアカウントでログインが必要です,湘南藤沢キャンパスシラバス検索システム,©Keio University.
https://syllabus.sfc.keio.ac.jp/courses/2024_48708?locale=en,JP/EN,Login,Syllabus,SubjectACADEMIC PROJECT(EXPERIENCEOLOGY) ,Class Information,Faculty/Graduate School,MEDIA AND GOVERNANCE,Course Registration Number,47762,Subject Sort,70002,Title,ACADEMIC PROJECT(EXPERIENCEOLOGY),Field,Project Courses,Unit,1 Unit,Year/Semester,2024 Fall,K-Number,GMG-MG-67203-621-86,Year/Semester,2024 Fall,Day of Week・Period,Lecturer Name,Fumitoshi Kato,Hajime Ishikawa,Masaki Suwa,,,Ryo Shimizu,Class Format,Online (Live),Language,Japanese,Location,Other,Class Style,＊Please click here for more information on the correspondence between 'Class Style' and ’Active Learning Methods’.,Seminar, Group Work,GIGA Certificate,Not applied,Detail,Course Summary,This project aims at establishing research methodology to examine and discuss"experience in life". The issues are to develop academic disciplines and techniques to(1) verbalize on(2) encourage and enrich(3) pass onto others and younger generationone's own experiences.,To view more information, you need to log in with your CNS account.,湘南藤沢キャンパスシラバス検索システム,©Keio University.
https://syllabus.sfc.keio.ac.jp/courses/2024_48706?locale=ja,JP/EN,ログイン,シラバス,科目名アカデミックプロジェクト（多言語多文化共生社会） ,授業概要,学部・研究科,政策・メディア研究科,登録番号,47743,科目ソート,70002,科目名,アカデミックプロジェクト（多言語多文化共生社会）,分野,プロジェクト科目,単位,1単位,開講年度・学期,2024 秋学期,K-Number,GMG-MG-67203-611-85,開講年度・学期,2024 秋学期,曜日・時限,授業教員名,加藤　文俊,藤田　護,新谷　ロクサナ,杉原　由美,伴野　崇生,馬場　わかな,実施形態,対面,授業で使う言語,日本語,開講場所,SFC,授業形態,※「授業形態」と「能動的学修形式」の対応についてはこちらをご覧ください。,演習,GIGAサティフィケート対象,非対象,詳細,講義概要,多様な言語と文化を背景とする人々が共に生きる社会において、以下の3点をめざすプロジェクトです。,１）「どのような言語のありようが見られるのか」といった現象の解明,２）「どのような言語のありようをめざすのか」といった教育と政策の提言,３）「人々はどのように言語を使って生活し、どのような課題に直面しているのか」といった認識に注目して人々の意識改革を促す。,「言語・文化・社会」の研究に携わる教員が共同で研究に取り組みながら、学生が各自のテーマにそった研究をすすめるための指導を行います。,シラバスを更に閲覧するにはCNSアカウントでログインが必要です,湘南藤沢キャンパスシラバス検索システム,©Keio University.
https://syllabus.sfc.keio.ac.jp/courses/2024_48706?locale=en,JP/EN,Login,Syllabus,SubjectACADEMIC PROJECT(MULTILINGUAL AND MULTICULTURAL SOCIETY) ,Class Information,Faculty/Graduate School,MEDIA AND GOVERNANCE,Course Registration Number,47743,Subject Sort,70002,Title,ACADEMIC PROJECT(MULTILINGUAL AND MULTICULTURAL SOCIETY),Field,Project Courses,Unit,1 Unit,Year/Semester,2024 Fall,K-Number,GMG-MG-67203-611-85,Year/Semester,2024 Fall,Day of Week・Period,Lecturer Name,Fumitoshi Kato,Mamoru Fujita,Rokusana Shintani,Yumi Sugihara,Takao Tomono,Wakana Baba,Class Format,Face-to-face,Language,Japanese,Location,SFC,Class Style,＊Please click here for more information on the correspondence between 'Class Style' and ’Active Learning Methods’.,Seminar,GIGA Certificate,Not applied,Detail,Course Summary,In contemporary societies across the world, people with diverse linguistic and cultural backgrounds encounter and share their living and working environment. What kind of language phenomenon arise in such multilinguistic and multicultural societies? What kind of linguistic and educational policies should be adopted in relation to this diversity? How do people use languages and what kind of problems do they encounter in multicultural settings? In this research project, we will ask and reflect upon questions such as these, seeking to understand linguistic phenomena; to examine, assess and propose linguistic, cultural, and educational policies; and to inquire into how to spread social awareness on problems and challenges regarding coexistence in multilinguistic and multicultural societies. The research project will consist of (1) collaborative research projects on language, culture and society organized by the participating faculty members and graduate students, and (2) advisory sessions centered on the presentations of the students about the progress of their individual research.,To view more information, you need to log in with your CNS account.,湘南藤沢キャンパスシラバス検索システム,©Keio University.
https://syllabus.sfc.keio.ac.jp/courses/2024_37659?locale=ja,JP/EN,ログイン,シラバス,科目名環境情報システム構築法 ,授業概要,学部・研究科,政策・メディア研究科,登録番号,14704,科目ソート,95022,科目名,環境情報システム構築法,分野,特設科目,単位,2単位,開講年度・学期,2024 秋学期,K-Number,GMG-MG-67303-222-88,開講年度・学期,2024 秋学期,曜日・時限,火 3限,授業教員名,大越　匡,泰岡　顕治,実施形態,オンライン（ライブ）,授業で使う言語,英語,開講場所,その他,授業形態,※「授業形態」と「能動的学修形式」の対応についてはこちらをご覧ください。,講義, 演習, グループワーク,GIGAサティフィケート対象,非対象,詳細,講義概要,While information technologies including Cyber Physical System (CPS), Internet/World Wide Web, and AI are evolving day by day, the environmental burden and sustainability of this technological era are becoming increasingly clear as an issue. On the other hand, in the 21st century, problems surrounding the global environment, such as climate warming, air pollution, and oceanic pollution, are becoming increasingly serious. Solving these problems is a critical issue for human society, and research for this purpose has made progress in each area. In this course, we will discuss both of these two fields, which have developed independently, and focus on a new research area that integrates them.,In this course, various technologies will be discussed from two main aspects: (a) greening and sustainability of information technology itself, and (b) technologies focusing on individual topics of environmental issues and their utilization/social implementation, and the discussion will be deepened through actual system construction.,This course will be an omnibus course, with lecturers specializing in each topic giving classes throughout the semester. The course consists of two types of lectures: lectures that are completed in one class each, and lectures and group work that are scheduled for three to four consecutive weeks.,This course willbe led by Tadashi Okoshi, along with following guest lecturers from inside and outside Keio University,- Jin Mitsugi, Faculty of Environment and Information Studies, Keio University,- Masaki Yamabe, Graduate School of Social Data Science, Hitotsubashi University,- Jin Nakazawa, Faculty of Environment and Information Studies, Keio University,- Shuri Marui, Graduate School of Media and Governance, Keio University,- Shun Kawakubo, Department of System Design Engineering, Faculty of Science and Technology, Keio University,- Kei Hiroi, Disaster Prevention Research Institute Kyoto University,- Shoko Miyagawa, Faculty of Nursing and Medical Care, Keio University,- Kenji Yasuoka, Department of Mechanical Engineering, Faculty of Science and Technology, Keio University,- Linyu Peng,Department of Mechanical Engineering, Faculty of Science and Technology, Keio University,シラバスを更に閲覧するにはCNSアカウントでログインが必要です,湘南藤沢キャンパスシラバス検索システム,©Keio University.
https://syllabus.sfc.keio.ac.jp/courses/2024_37659?locale=en,JP/EN,Login,Syllabus,SubjectENVIRONMENTAL INFORMATION SYSTEM ARCHITECTURE ,Class Information,Faculty/Graduate School,MEDIA AND GOVERNANCE,Course Registration Number,14704,Subject Sort,95022,Title,ENVIRONMENTAL INFORMATION SYSTEM ARCHITECTURE,Field,Special Courses,Unit,2 Unit,Year/Semester,2024 Fall,K-Number,GMG-MG-67303-222-88,Year/Semester,2024 Fall,Day of Week・Period,Tue 3rd,Lecturer Name,Tadashi Okoshi,Kenji Yasuoka,Class Format,Online (Live),Language,English,Location,Other,Class Style,＊Please click here for more information on the correspondence between 'Class Style' and ’Active Learning Methods’.,Lecture, Seminar, Group Work,GIGA Certificate,Not applied,Detail,Course Summary,While information technologies including Cyber Physical System (CPS), Internet/World Wide Web, and AI are evolving day by day, the environmental burden and sustainability of this technological era are becoming increasingly clear as an issue. On the other hand, in the 21st century, problems surrounding the global environment, such as climate warming, air pollution, and oceanic pollution, are becoming increasingly serious. Solving these problems is a critical issue for human society, and research for this purpose has made progress in each area. In this course, we will discuss both of these two fields, which have developed independently, and focus on a new research area that integrates them.,In this course, various technologies will be discussed from two main aspects: (a) greening and sustainability of information technology itself, and (b) technologies focusing on individual topics of environmental issues and their utilization/social implementation, and the discussion will be deepened through actual system construction.,This course will be an omnibus course, with lecturers specializing in each topic giving classes throughout the semester. The course consists of two types of lectures: lectures that are completed in one class each, and lectures and group work that are scheduled for three to four consecutive weeks.,This course willbe led by Tadashi Okoshi, along with following guest lecturers from inside and outside Keio University,- Jin Mitsugi, Faculty of Environment and Information Studies, Keio University,- Masaki Yamabe, Graduate School of Social Data Science, Hitotsubashi University,- Jin Nakazawa, Faculty of Environment and Information Studies, Keio University,- Shuri Marui, Graduate School of Media and Governance, Keio University,- Shun Kawakubo, Department of System Design Engineering, Faculty of Science and Technology, Keio University,- Kei Hiroi, Disaster Prevention Research Institute Kyoto University,- Shoko Miyagawa, Faculty of Nursing and Medical Care, Keio University,- Kenji Yasuoka, Department of Mechanical Engineering, Faculty of Science and Technology, Keio University,- Linyu Peng,Department of Mechanical Engineering, Faculty of Science and Technology, Keio University,To view more information, you need to log in with your CNS account.,湘南藤沢キャンパスシラバス検索システム,©Keio University.
https://syllabus.sfc.keio.ac.jp/courses/2024_39490?locale=ja,JP/EN,ログイン,シラバス,科目名ヘルスコミュニケーション 【学期前半】,授業概要,学部・研究科,政策・メディア研究科,登録番号,27624,科目ソート,95024,科目名,ヘルスコミュニケーション,分野,特設科目,単位,2単位,開講年度・学期,2024 秋学期,K-Number,GMG-MG-67303-221-10,開講年度・学期,2024 秋学期,曜日・時限,火 1限, 火 2限,授業教員名,北野　華子,秋山　美紀,実施形態,オンライン（ライブ）,授業で使う言語,日本語,開講場所,その他,授業形態,※「授業形態」と「能動的学修形式」の対応についてはこちらをご覧ください。,講義, 演習, グループワーク,GIGAサティフィケート対象,非対象,詳細,講義概要,人々がより健康に生きる、その手段としてのコミュニケーションは、各国で社会的な要請に応えるかたちで、新しいメディアや手法も効果的に取り入れながら、ダイナミックに発展し続けてきた。本コースで扱う「ヘルスコミュニケーション」は、人々の健康にインパクトを与えうる様々な働きかけが含まれる極めて実践的なものになる。,　たとえば今日、深刻な健康課題を抱えている人の多くは、社会的・経済的・環境的な複数の課題を抱えていることが多い。そうした健康課題を解決するには、本人に正しい知識（エビデンス）を伝えるだけでは不十分で、当事者をとりまく周囲の人々への働きかけをしたり、さらには社会的な環境を変えていくために政策担当者等のステークホルダーに対しても問題の重要性を訴えることも必要となる。,　コースでは、健康・医療のコミュニケーションを効果的に行うための基本的な理論と概念、さらに実践を研究として結実させる方法を実例とともに学ぶ。社会において顕著なヘルスコミュニケーションの実践をしている外部講師も予定している。授業で扱う主な領域は、健康や医療の意思決定に影響を与えうる、対人コミュニケーション、メディア・コミュニケーション、ヘルス・アドボカシーになる。,　このコースの対象者は2つの研究科（健康マネジメント研究科と政策・メディア研究科）の大学院生で、医療および公衆衛生、健康・医療政策に関心があり、人々の健康の問題を多様なアクターとともに理解し協働して解決する戦略、スキル、方法、アプローチを学びたい意欲ある者を歓迎する。本コースは、1日2コマ続き（４学期制対応科目）となる。講義とグループディスカッションや演習を組み合わせて、学生自身が手と頭を動かして、その日の学びを体感しながら身につけられる教授法で行う予定をしている。,シラバスを更に閲覧するにはCNSアカウントでログインが必要です,湘南藤沢キャンパスシラバス検索システム,©Keio University.
https://syllabus.sfc.keio.ac.jp/courses/2024_39490?locale=en,JP/EN,Login,Syllabus,SubjectHEALTH COMMUNICATION [1st half of semester],Class Information,Faculty/Graduate School,MEDIA AND GOVERNANCE,Course Registration Number,27624,Subject Sort,95024,Title,HEALTH COMMUNICATION,Field,Special Courses,Unit,2 Unit,Year/Semester,2024 Fall,K-Number,GMG-MG-67303-221-10,Year/Semester,2024 Fall,Day of Week・Period,Tue 1st, Tue 2nd,Lecturer Name,Hanako Kitano,Miki Akiyama,Class Format,Online (Live),Language,Japanese,Location,Other,Class Style,＊Please click here for more information on the correspondence between 'Class Style' and ’Active Learning Methods’.,Lecture, Seminar, Group Work,GIGA Certificate,Not applied,Detail,Course Summary,Study of communication as a means to help people live healthier lives has been dynamically developing in response to social needs in many countries, while effectively incorporating new communication media and reserach methods. "Health communication", which will be taught inthis course will be very practical and involves dynamic approaches that can have an impact on people's health.,For example, today, many people with serious health issues often face multiple social, economic, and environmental challenges. In order to solve such health issues, it is not enough to simply communicate the correct knowledge (evidence) to the person in question, but it is also necessary to reach out to the people around the person in question and furthermore, to appeal the importance of the issue to policy makers and other stakeholders in order to change the social environment.,　In the course, students will learn the basic theories and concepts of effective health and medical communication, with up-to-date examples. Guest lecturers with prominent health communication practices in Japan are also scheduled. The main areas covered in the course will be interpersonal communication, media communication, and health advocacy that can influence health and medical decision making.,The course is open to graduate students in the two graduate schools (Graduate School of Health Management and Graduate School of Media and Governance) who are interested in public health and health policy. Students with a great motivation to learn strategies, skills, and approaches for solvoing health problems in collaboration with multiple stakeholders are also welcomed., There will be two sessions per day for 7 weeks, which combines lectures, discussions and exercises to help students to aquire the day's learning effectively .,To view more information, you need to log in with your CNS account.,湘南藤沢キャンパスシラバス検索システム,©Keio University.
https://syllabus.sfc.keio.ac.jp/courses/2024_48734?locale=ja,JP/EN,ログイン,シラバス,科目名アカデミックプロジェクト（知的都市創造） ,授業概要,学部・研究科,政策・メディア研究科,登録番号,48041,科目ソート,70002,科目名,アカデミックプロジェクト（知的都市創造）,分野,プロジェクト科目,単位,1単位,開講年度・学期,2024 秋学期,K-Number,GMG-MG-67203-621-89,開講年度・学期,2024 秋学期,曜日・時限,授業教員名,中澤　仁,三次　仁,中西　泰人,大越　匡,実施形態,オンライン（ライブ）,授業で使う言語,日本語,開講場所,その他,授業形態,※「授業形態」と「能動的学修形式」の対応についてはこちらをご覧ください。,講義, 演習, グループワーク,GIGAサティフィケート対象,非対象,詳細,講義概要,都市や地域、店舗や機械などから様々なスケールにまたがるデータを獲得し、そのデータを解析・処理した結果をユーザや住民、事業者や自治体に還元することで、そこに存在する課題を解決するとともに、それらの機能や性質を発展させることを目的として、それに必要な技術や制度を含めた技術的・経済的・社会的なエコシステムの確立を目指す。特に、IoTやAIを実践的に活用した課題解決を念頭に置き、それを諸科学横断的に分析するのが本プロジェクトの目的である。技術的には、AIを末端の機器内で動作させる知的エッジ技術や、センサデータを大規模に流通させる基盤技術、複数のデータストリームを統合的に処理して付加価値の高い情報を生産するデータ分析技術等が対象となる。経済的には、そうして生産させる情報の市場を介した流通を想定した時に、そもそもそうした市場を技術的に創出する方法や、情報の非対称性、情報の価格決定メカニズムなどが主な研究対象として想定される。これらの課題やテーマに即して、異なる修士研究会に属する学生や教員が互いの研究成果を共有しながら、社会での研究成果の実践を進める。,シラバスを更に閲覧するにはCNSアカウントでログインが必要です,湘南藤沢キャンパスシラバス検索システム,©Keio University.
https://syllabus.sfc.keio.ac.jp/courses/2024_48734?locale=en,JP/EN,Login,Syllabus,SubjectACADEMIC PROJECT(INTELLIGENT CITIES CREATION) ,Class Information,Faculty/Graduate School,MEDIA AND GOVERNANCE,Course Registration Number,48041,Subject Sort,70002,Title,ACADEMIC PROJECT(INTELLIGENT CITIES CREATION),Field,Project Courses,Unit,1 Unit,Year/Semester,2024 Fall,K-Number,GMG-MG-67203-621-89,Year/Semester,2024 Fall,Day of Week・Period,Lecturer Name,Jin Nakazawa,Jin Mitsugi,Yasuto Nakanishi,Tadashi Okoshi,Class Format,Online (Live),Language,Japanese,Location,Other,Class Style,＊Please click here for more information on the correspondence between 'Class Style' and ’Active Learning Methods’.,Lecture, Seminar, Group Work,GIGA Certificate,Not applied,Detail,Course Summary,This project aims to acquire data that spans various scales from cities, areas, shops and machinery, etc. and solve the problems existing there by returning the results of analysis and processing of the data to users, residents, business operators and local governments. We also aim to establish a technological, economic and social ecosystem including technologies and institutions necessary to develop those functions and properties. In particular, the objective of this project is to analyze the problem solving practically using IoT and AI, and to analyze it across various sciences. Technically, intellectual edge technology for operating AI in the terminal equipment, basic technology for distributing sensor data on a large scale, and processing of multiple data streams integrally to produce highly value-added information Data analysis technology and others are targeted. Economically, when assuming the distribution of information to be produced through the market, there are mainly research methods such as the method of technically creating such a market, asymmetry of information, the price determination mechanism of information, etc. . In accordance with these issues and themes, students and faculty members belonging to different master's research societies will share the research results of each other and advance the practice of research results in society.,To view more information, you need to log in with your CNS account.,湘南藤沢キャンパスシラバス検索システム,©Keio University.
https://syllabus.sfc.keio.ac.jp/courses/2024_43061?locale=ja,JP/EN,ログイン,シラバス,科目名ソフトウェアセキュリティ 【学期後半】,授業概要,学部・研究科,政策・メディア研究科,登録番号,29832,科目ソート,95031,科目名,ソフトウェアセキュリティ,分野,特設科目,単位,2単位,開講年度・学期,2024 秋学期,K-Number,GMG-MG-67303-221-60,開講年度・学期,2024 秋学期,曜日・時限,月 4限, 月 5限,授業教員名,植原　啓介,実施形態,オンライン（ライブ）,授業で使う言語,日本語,開講場所,その他,授業形態,※「授業形態」と「能動的学修形式」の対応についてはこちらをご覧ください。,講義, 演習, グループワーク,GIGAサティフィケート対象,非対象,詳細,講義概要,本講義は大学院サイバーセキュリティコースにおける選択科目の一つとして提供され、サイバーセキュリティにおける重要な課題である安全なソフトウェアの開発に関する知識と実践的能力を身につけることを目的としている。サイバーセキュリティの問題の発生原因の大きな要素として脆弱なソフトウェアやシステムの利用が挙げられる。今後のソフトウェア開発においてはそのような脆弱性を生まない開発手法がますます重要なものとなる。安全なソフトウェアの開発は様々な場面で必要な能力であるためサイバーセキュリティコースを選択していない者でも履修可能である。,本講義は社会で広く求められている安全なソフトウェアの開発に関する知識・技術に関する能力を身につける機会を提供することを目的として設置する。,シラバスを更に閲覧するにはCNSアカウントでログインが必要です,湘南藤沢キャンパスシラバス検索システム,©Keio University.
https://syllabus.sfc.keio.ac.jp/courses/2024_43061?locale=en,JP/EN,Login,Syllabus,SubjectSOFTWARE SECURITY [2nd half of semester],Class Information,Faculty/Graduate School,MEDIA AND GOVERNANCE,Course Registration Number,29832,Subject Sort,95031,Title,SOFTWARE SECURITY,Field,Special Courses,Unit,2 Unit,Year/Semester,2024 Fall,K-Number,GMG-MG-67303-221-60,Year/Semester,2024 Fall,Day of Week・Period,Mon 4th, Mon 5th,Lecturer Name,Keisuke Uehara,Class Format,Online (Live),Language,Japanese,Location,Other,Class Style,＊Please click here for more information on the correspondence between 'Class Style' and ’Active Learning Methods’.,Lecture, Seminar, Group Work,GIGA Certificate,Not applied,Detail,Course Summary,This class will be held as a part of the Cyber Security course.Of course you can take this class even you don't join to the Cyber Security course.In this class, we investigate how to secure your software.It might be bug of library, your coding skill.Penetration testing is important too.,To view more information, you need to log in with your CNS account.,湘南藤沢キャンパスシラバス検索システム,©Keio University.
https://syllabus.sfc.keio.ac.jp/courses/2024_44320?locale=ja,JP/EN,ログイン,シラバス,科目名情報セキュリティの法と政策 ,授業概要,学部・研究科,政策・メディア研究科,登録番号,35762,科目ソート,95037,科目名,情報セキュリティの法と政策,分野,特設科目,単位,2単位,開講年度・学期,2024 秋学期,K-Number,GMG-MG-67303-211-88,開講年度・学期,2024 秋学期,曜日・時限,火 1限,授業教員名,新保　史生,実施形態,対面,授業で使う言語,日本語,開講場所,SFC, その他,授業形態,※「授業形態」と「能動的学修形式」の対応についてはこちらをご覧ください。,講義,GIGAサティフィケート対象,非対象,詳細,講義概要,情報セキュリティに係る法令及び政策に関する知識を習得することを目的とする講義。情報セキュリティ対策は、情報の管理において重要な対策であるとともに、法令等において定められている情報の安全管理措置を実施するために、根拠となる法令及びその解釈や関連する政策について高度な知識が求められる。とりわけ、技術的な対応を適切に実施するためには、組織的、人的、技術的、物理的なセキュリティ対策を導入することが不可欠であるが、そのために必要な基準を理解することが適切な情報セキュリティ対策を実施し導入する上での前提となる。また、情報セキュリティ対策は企業等において専門的に対応する者にとどまらず、広く日常的にコンピュータやネットワークが利用されている現状において、情報セキュリティに係る法令や制度を理解することは、ネットワーク社会において必須の知識ともいえる。本講義では、我が国における情報セキュリティ関連法令を概観し、情報管理において遵守すべき法令や制度について解説する。また、情報の安全管理措置の根拠となる法令が定める手続きの内容、その他の規範としてISMSをはじめとするマネジメントシステムの構造、国内外において越境するデータの取扱を伴うクラウドコンピューティングなどの情報の取扱局面に応じた具体的な対応の現状も踏まえて、情報セキュリティに関する法令や制度の総合的な知識を習得する。,シラバスを更に閲覧するにはCNSアカウントでログインが必要です,湘南藤沢キャンパスシラバス検索システム,©Keio University.
https://syllabus.sfc.keio.ac.jp/courses/2024_44320?locale=en,JP/EN,Login,Syllabus,SubjectLAW AND POLICY ASPECTS OF CYBERSECURITY ,Class Information,Faculty/Graduate School,MEDIA AND GOVERNANCE,Course Registration Number,35762,Subject Sort,95037,Title,LAW AND POLICY ASPECTS OF CYBERSECURITY,Field,Special Courses,Unit,2 Unit,Year/Semester,2024 Fall,K-Number,GMG-MG-67303-211-88,Year/Semester,2024 Fall,Day of Week・Period,Tue 1st,Lecturer Name,Fumio Shimpo,Class Format,Face-to-face,Language,Japanese,Location,SFC, Other,Class Style,＊Please click here for more information on the correspondence between 'Class Style' and ’Active Learning Methods’.,Lecture,GIGA Certificate,Not applied,Detail,Course Summary,The purpose of this class is to acquire knowledge about the various laws and policies related to information security.Information security measures are important issues for information management, and in order to implement the information security management measures stipulated by these laws and regulations, a high level knowledge of the law and its interpretation as well as related policies is required. It is essential that we introduce organisational, human, technical and physical security measures in order to properly implement the technical measures. However, it is appropriate to understand the standards necessary to achieve this purpose. This is a prerequisite for implementing and introducing various information security measures. In addition, these information security measures are not limited to those people who respond professionally in companies but also, in the current situation, where computers and networks are widely used in everyday life. It is equally important to understand the laws and systems related to information security in the current network society.,To view more information, you need to log in with your CNS account.,湘南藤沢キャンパスシラバス検索システム,©Keio University.
https://syllabus.sfc.keio.ac.jp/courses/2024_46161?locale=ja,JP/EN,ログイン,シラバス,科目名インシデントレスポンス・フォレンジック ,授業概要,学部・研究科,政策・メディア研究科,登録番号,39859,科目ソート,95045,科目名,インシデントレスポンス・フォレンジック,分野,特設科目,単位,2単位,開講年度・学期,2024 秋学期,K-Number,GMG-MG-67303-221-60,開講年度・学期,2024 秋学期,曜日・時限,火 6限,授業教員名,近藤　賢郎,手塚　悟,実施形態,オンライン（ライブ）,授業で使う言語,日本語,開講場所,その他,授業形態,※「授業形態」と「能動的学修形式」の対応についてはこちらをご覧ください。,講義,GIGAサティフィケート対象,非対象,詳細,講義概要,本講義は、サイバーセキュリティ業務の中核たるセキュリティインシデント発生時の対応 (インシデントレスポンス) 手法及びそれを構成するフォレンジック技術に対する知識と経験を体系的に論ずる。企業の業務継続のために必要な情報システムは業務の多角化やサプライ・チェイン構造化をもとに多様化・複雑化を遂げている一方、それらを対象とするサイバー攻撃活動はなお一層巧妙化が進んでいる。本講義はそのような企業をとりまく情報セキュリティ環境に実践的に対応できるサイバーセキュリティ人材の育成を目標とする。本講義では今日の企業を取り巻く情報セキュリティ環境を概観すると共に、平時におけるセキュリティ運用と有事 (セキュリティインシデント発生時) において必要なインシデントレスポンスについて技術・制度の両面から議論する。またインシデントレスポンスにおいて重要な役割を担うデジタル・フォレンジック技術について、実際の使用場面に即して体系的に議論する。,シラバスを更に閲覧するにはCNSアカウントでログインが必要です,湘南藤沢キャンパスシラバス検索システム,©Keio University.
https://syllabus.sfc.keio.ac.jp/courses/2024_46161?locale=en,JP/EN,Login,Syllabus,SubjectINCIDENT RESPONSE AND FORENSIC ,Class Information,Faculty/Graduate School,MEDIA AND GOVERNANCE,Course Registration Number,39859,Subject Sort,95045,Title,INCIDENT RESPONSE AND FORENSIC,Field,Special Courses,Unit,2 Unit,Year/Semester,2024 Fall,K-Number,GMG-MG-67303-221-60,Year/Semester,2024 Fall,Day of Week・Period,Tue 6th,Lecturer Name,Takao Kondo,Satoru Tezuka,Class Format,Online (Live),Language,Japanese,Location,Other,Class Style,＊Please click here for more information on the correspondence between 'Class Style' and ’Active Learning Methods’.,Lecture,GIGA Certificate,Not applied,Detail,Course Summary,This lecture explains knowledge and methodologies of computer incident response and digital forensic. The information system in enterprise environment is an important factor of business continuity. Due to the current trend of business diversification and supply-chain manufacturing structure, the information system results in being complicated. Meanwhile cyber attacks against the information system in enterprise environment continues to get sophisticated. This lecture aims for development of cyber security experts who can practically handle such information security issues in the enterprise environment.This lecture systematically discusses the issues of ordinary (in peacetime) security operations and emergency responses to computer security incidents from the technical and institutional view points. The emergency responses include matters of digital forensic technology.,To view more information, you need to log in with your CNS account.,湘南藤沢キャンパスシラバス検索システム,©Keio University.
https://syllabus.sfc.keio.ac.jp/courses/2024_38352?locale=ja,JP/EN,ログイン,シラバス,科目名日本語インテンシブ１ A/日本語インテンシブ１ ,授業概要,学部・研究科,総合政策・環境情報学部,登録番号,00879,科目ソート,B2281,科目名,日本語インテンシブ１,分野,基盤科目-言語コミュニケーション科目,単位,4単位,開講年度・学期,2024 秋学期,K-Number,FPE-CO-02802-111-02,学部・研究科,政策・メディア研究科,登録番号,18896,科目ソート,97008,科目名,日本語インテンシブ１,分野,自由科目,単位,4単位,開講年度・学期,2024 秋学期,K-Number,GMG-MG-67603-111-02,開講年度・学期,2024 秋学期,曜日・時限,水 1限, 水 2限, 金 1限, 金 2限,授業教員名,鈴木　理子,伴野　崇生,実施形態,対面,授業で使う言語,日本語,開講場所,SFC,授業形態,※「授業形態」と「能動的学修形式」の対応についてはこちらをご覧ください。,講義, 演習, グループワーク,GIGAサティフィケート対象,非対象,詳細,講義概要,日本語レベルが中級前半（ちゅうきゅうぜんはん　lower intermediate）の人、日本語インテンシブ初級（しょきゅうElementary）２がおわった人のためのコースです。,文法（ぶんぽう）や語彙（ごい vocabulary）、漢字の勉強（べんきょう）をしながら、読む・書く・聞く・話すの４つを練習（れんしゅう）します。 発表（はっぴょう）や作文（さくぶん）、文法の復習（ふくしゅう）などをしながら、日本語がうまく使えるようになるための勉強をします。,シラバスを更に閲覧するにはCNSアカウントでログインが必要です,湘南藤沢キャンパスシラバス検索システム,©Keio University.
https://syllabus.sfc.keio.ac.jp/courses/2024_38352?locale=en,JP/EN,Login,Syllabus,SubjectJAPANESE INTENSIVE 1 A/JAPANESE INTENSIVE 1 ,Class Information,Faculty/Graduate School,POLICY MANAGEMENT / ENVIRONMENT AND INFORMATION STUDIES,Course Registration Number,00879,Subject Sort,B2281,Title,JAPANESE INTENSIVE 1,Field,Fundamental Subjects - Subjects of Language Communication,Unit,4 Unit,Year/Semester,2024 Fall,K-Number,FPE-CO-02802-111-02,Faculty/Graduate School,MEDIA AND GOVERNANCE,Course Registration Number,18896,Subject Sort,97008,Title,JAPANESE INTENSIVE 1,Field,Optional Subjects,Unit,4 Unit,Year/Semester,2024 Fall,K-Number,GMG-MG-67603-111-02,Year/Semester,2024 Fall,Day of Week・Period,Wed 1st, Wed 2nd, Fri 1st, Fri 2nd,Lecturer Name,Satoko Suzuki,Takao Tomono,Class Format,Face-to-face,Language,Japanese,Location,SFC,Class Style,＊Please click here for more information on the correspondence between 'Class Style' and ’Active Learning Methods’.,Lecture, Seminar, Group Work,GIGA Certificate,Not applied,Detail,Course Summary,This course is designed for those who are in the lower intermediate level of Japanese or who have completed the Japanese Intensive Elementary 2. ,Students will practice reading, writing, listening, and speaking while studying grammar, vocabulary, and kanji. They will also study to be able to use Japanese well by making presentations, writing essays, and reviewing grammar.,To view more information, you need to log in with your CNS account.,湘南藤沢キャンパスシラバス検索システム,©Keio University.
https://syllabus.sfc.keio.ac.jp/courses/2024_46629?locale=ja,JP/EN,ログイン,シラバス,科目名日本語インテンシブ２ B,授業概要,学部・研究科,総合政策・環境情報学部,登録番号,40772,科目ソート,B2282,科目名,日本語インテンシブ２,分野,基盤科目-言語コミュニケーション科目,単位,4単位,開講年度・学期,2024 秋学期,K-Number,FPE-CO-02802-111-02,学部・研究科,政策・メディア研究科,登録番号,40787,科目ソート,97009,科目名,日本語インテンシブ２,分野,自由科目,単位,4単位,開講年度・学期,2024 秋学期,K-Number,GMG-MG-67603-111-02,開講年度・学期,2024 秋学期,曜日・時限,水 1限, 水 2限, 金 1限, 金 2限,授業教員名,白頭　宏美,西山　陽子,実施形態,対面,授業で使う言語,日本語,開講場所,SFC,授業形態,※「授業形態」と「能動的学修形式」の対応についてはこちらをご覧ください。,講義, 演習, グループワーク,GIGAサティフィケート対象,非対象,詳細,講義概要,日本語レベルが中級前半（ちゅうきゅうぜんはん　lower intermediate）の人、日本語インテンシブ１がおわった人のためのコースです。,文法（ぶんぽう）や語彙（ごい vocabulary）、漢字の勉強（べんきょう）をしながら、読む・書く・聞く・話すの４つを練習（れんしゅう）します。 発表（はっぴょう）や作文（さくぶん）、文法の復習（ふくしゅう）などをしながら、日本語がうまく使えるようになるための勉強をします。,シラバスを更に閲覧するにはCNSアカウントでログインが必要です,湘南藤沢キャンパスシラバス検索システム,©Keio University.
https://syllabus.sfc.keio.ac.jp/courses/2024_46629?locale=en,JP/EN,Login,Syllabus,SubjectJAPANESE INTENSIVE 2 B,Class Information,Faculty/Graduate School,POLICY MANAGEMENT / ENVIRONMENT AND INFORMATION STUDIES,Course Registration Number,40772,Subject Sort,B2282,Title,JAPANESE INTENSIVE 2,Field,Fundamental Subjects - Subjects of Language Communication,Unit,4 Unit,Year/Semester,2024 Fall,K-Number,FPE-CO-02802-111-02,Faculty/Graduate School,MEDIA AND GOVERNANCE,Course Registration Number,40787,Subject Sort,97009,Title,JAPANESE INTENSIVE 2,Field,Optional Subjects,Unit,4 Unit,Year/Semester,2024 Fall,K-Number,GMG-MG-67603-111-02,Year/Semester,2024 Fall,Day of Week・Period,Wed 1st, Wed 2nd, Fri 1st, Fri 2nd,Lecturer Name,Hiromi Hakuto,Yoko Nishiyama,Class Format,Face-to-face,Language,Japanese,Location,SFC,Class Style,＊Please click here for more information on the correspondence between 'Class Style' and ’Active Learning Methods’.,Lecture, Seminar, Group Work,GIGA Certificate,Not applied,Detail,Course Summary,This course is designed for those in the lower intermediate level of Japanese or who have completed the Japanese Intensive 1.,Students will practice reading, writing, listening, and speaking while studying grammar, vocabulary, and kanji. They will also study to be able to use Japanese well by making presentations, writing essays, and reviewing grammar.,To view more information, you need to log in with your CNS account.,湘南藤沢キャンパスシラバス検索システム,©Keio University.
https://syllabus.sfc.keio.ac.jp/courses/2024_38354?locale=ja,JP/EN,ログイン,シラバス,科目名日本語インテンシブ３ A/日本語インテンシブ３ ,授業概要,学部・研究科,総合政策・環境情報学部,登録番号,01990,科目ソート,B2283,科目名,日本語インテンシブ３,分野,基盤科目-言語コミュニケーション科目,単位,4単位,開講年度・学期,2024 秋学期,K-Number,FPE-CO-02802-111-02,学部・研究科,政策・メディア研究科,登録番号,18920,科目ソート,97010,科目名,日本語インテンシブ３,分野,自由科目,単位,4単位,開講年度・学期,2024 秋学期,K-Number,GMG-MG-67603-111-02,開講年度・学期,2024 秋学期,曜日・時限,月 1限, 水 2限, 金 1限, 金 2限,授業教員名,白頭　宏美,甲斐　晶子,伴野　崇生,実施形態,対面,授業で使う言語,日本語,開講場所,SFC,授業形態,※「授業形態」と「能動的学修形式」の対応についてはこちらをご覧ください。,講義, 演習, グループワーク,GIGAサティフィケート対象,非対象,詳細,講義概要,このクラスは日本語のレベルが中級後半(ちゅうきゅうこうはん：upper intermediate)の人のためのクラスです。研究会などで、自分の専門分野（せんもんぶんや）について、日本語で基本的（きほんてき）な情報（じょうほう）を理解し、発信できるようになることを目指します。クラスでは、「読む・書く・話す・聞く」をバランスよく学習します。「話す・聞く」はインタラクションのあるものも、スピーチやプレゼンテーションのような1対多のものも学習します。「読む」は教科書（きょうかしょ）を使って学習します。語彙(ごい)や文法・文型(ぶんぽう・ぶんけい)についても学びます。また、「書く・話す・聞く」などの運用（うんよう）についても学習（がくしゅう）します。さらに、自律型（じりつがた）のクラスもあります。自分で自分の学習を計画し、学んでいきます。,シラバスを更に閲覧するにはCNSアカウントでログインが必要です,湘南藤沢キャンパスシラバス検索システム,©Keio University.
https://syllabus.sfc.keio.ac.jp/courses/2024_38354?locale=en,JP/EN,Login,Syllabus,SubjectJAPANESE INTENSIVE 3 A/JAPANESE INTENSIVE 3 ,Class Information,Faculty/Graduate School,POLICY MANAGEMENT / ENVIRONMENT AND INFORMATION STUDIES,Course Registration Number,01990,Subject Sort,B2283,Title,JAPANESE INTENSIVE 3,Field,Fundamental Subjects - Subjects of Language Communication,Unit,4 Unit,Year/Semester,2024 Fall,K-Number,FPE-CO-02802-111-02,Faculty/Graduate School,MEDIA AND GOVERNANCE,Course Registration Number,18920,Subject Sort,97010,Title,JAPANESE INTENSIVE 3,Field,Optional Subjects,Unit,4 Unit,Year/Semester,2024 Fall,K-Number,GMG-MG-67603-111-02,Year/Semester,2024 Fall,Day of Week・Period,Mon 1st, Wed 2nd, Fri 1st, Fri 2nd,Lecturer Name,Hiromi Hakuto,Akiko Kai,Takao Tomono,Class Format,Face-to-face,Language,Japanese,Location,SFC,Class Style,＊Please click here for more information on the correspondence between 'Class Style' and ’Active Learning Methods’.,Lecture, Seminar, Group Work,GIGA Certificate,Not applied,Detail,Course Summary,This course is designed for students at the upper intermediate level of Japanese. The objective of this course is to enable students to understand and produce basic information on their areas of expertise. ,In this course, students will be able to brush up on all four Japanese skills (reading, listening, writing, and speaking) as below.,- Speaking and listening practices: interactive communication, speech, and presentation,- Reading practices: reading textbooks, learning grammatical items and sentence patterns,- Integrated practices: writing reports, speaking about their report, listening to other students, etc.,In addition, students will have a chance to carry out their learning plan autonomously with a lecturer's support.,To view more information, you need to log in with your CNS account.,湘南藤沢キャンパスシラバス検索システム,©Keio University.
https://syllabus.sfc.keio.ac.jp/courses/2024_44306?locale=ja,JP/EN,ログイン,シラバス,科目名日本語インテンシブ初級１ A/日本語インテンシブ初級１ ,授業概要,学部・研究科,総合政策・環境情報学部,登録番号,35380,科目ソート,B2285,科目名,日本語インテンシブ初級１,分野,基盤科目-言語コミュニケーション科目,単位,4単位,開講年度・学期,2024 秋学期,K-Number,FPE-CO-02802-111-02,学部・研究科,政策・メディア研究科,登録番号,35394,科目ソート,97016,科目名,日本語インテンシブ初級１,分野,自由科目,単位,4単位,開講年度・学期,2024 秋学期,K-Number,GMG-MG-67603-111-02,開講年度・学期,2024 秋学期,曜日・時限,水 1限, 水 2限, 金 1限, 金 2限,授業教員名,佐藤　貴仁,富岡　花,実施形態,対面,授業で使う言語,日本語,開講場所,SFC,授業形態,※「授業形態」と「能動的学修形式」の対応についてはこちらをご覧ください。,講義, 演習, グループワーク,GIGAサティフィケート対象,非対象,詳細,講義概要,This course is designed for students at the preliminary level of Japanese.,Students will be taught Japanese basic sentence patterns, basic grammar, and how to read/write Japanese letters. The objective of this course is to enable students to use simple Japanese to communicate with others in communities familiar to students. ,シラバスを更に閲覧するにはCNSアカウントでログインが必要です,湘南藤沢キャンパスシラバス検索システム,©Keio University.
https://syllabus.sfc.keio.ac.jp/courses/2024_44306?locale=en,JP/EN,Login,Syllabus,SubjectJAPANESE INTENSIVE - ELEMENTARY 1 A/JAPANESE INTENSIVE - ELEMENTARY 1 ,Class Information,Faculty/Graduate School,POLICY MANAGEMENT / ENVIRONMENT AND INFORMATION STUDIES,Course Registration Number,35380,Subject Sort,B2285,Title,JAPANESE INTENSIVE - ELEMENTARY 1,Field,Fundamental Subjects - Subjects of Language Communication,Unit,4 Unit,Year/Semester,2024 Fall,K-Number,FPE-CO-02802-111-02,Faculty/Graduate School,MEDIA AND GOVERNANCE,Course Registration Number,35394,Subject Sort,97016,Title,JAPANESE INTENSIVE - ELEMENTARY 1,Field,Optional Subjects,Unit,4 Unit,Year/Semester,2024 Fall,K-Number,GMG-MG-67603-111-02,Year/Semester,2024 Fall,Day of Week・Period,Wed 1st, Wed 2nd, Fri 1st, Fri 2nd,Lecturer Name,Takahito Sato,Hana Tomioka,Class Format,Face-to-face,Language,Japanese,Location,SFC,Class Style,＊Please click here for more information on the correspondence between 'Class Style' and ’Active Learning Methods’.,Lecture, Seminar, Group Work,GIGA Certificate,Not applied,Detail,Course Summary,This course is designed for students at the preliminary level of Japanese.,Students will be taught Japanese basic sentence patterns, basic grammar, and how to read/write Japanese letters. The objective of this course is to enable students to use simple Japanese to communicate with others in communities familiar to students. ,To view more information, you need to log in with your CNS account.,湘南藤沢キャンパスシラバス検索システム,©Keio University.
https://syllabus.sfc.keio.ac.jp/courses/2024_44310?locale=ja,JP/EN,ログイン,シラバス,科目名日本語インテンシブ初級２ B/日本語インテンシブ初級２ ,授業概要,学部・研究科,総合政策・環境情報学部,登録番号,35743,科目ソート,B2286,科目名,日本語インテンシブ初級２,分野,基盤科目-言語コミュニケーション科目,単位,4単位,開講年度・学期,2024 秋学期,K-Number,FPE-CO-02802-111-02,学部・研究科,政策・メディア研究科,登録番号,35758,科目ソート,97017,科目名,日本語インテンシブ初級２,分野,自由科目,単位,4単位,開講年度・学期,2024 秋学期,K-Number,GMG-MG-67603-111-02,開講年度・学期,2024 秋学期,曜日・時限,火 1限, 火 2限, 金 1限, 金 2限,授業教員名,伴野　崇生,富岡　花,実施形態,対面,授業で使う言語,日本語,開講場所,SFC,授業形態,※「授業形態」と「能動的学修形式」の対応についてはこちらをご覧ください。,講義, 演習, グループワーク,GIGAサティフィケート対象,非対象,詳細,講義概要,このクラスは、初級（しょきゅう）後半（こうはん）の学生（がくせい）のためのクラスです。自分（じぶん）について話したり、日本語を使（つか）って簡単（かんたん）なコミュニケーションができることを目指（めざ）します。自分の経験（けいけん）や考（かんが）えを日本語（にほんご）で話（はな）したり、書（か）いたりする練習（れんしゅう）をしながら、初級レベルのことばや文法（ぶんぽう）、漢字（かんじ）や会話表現（かいわひょうげん）も勉強します。,シラバスを更に閲覧するにはCNSアカウントでログインが必要です,湘南藤沢キャンパスシラバス検索システム,©Keio University.
https://syllabus.sfc.keio.ac.jp/courses/2024_44310?locale=en,JP/EN,Login,Syllabus,SubjectJAPANESE INTENSIVE - ELEMENTARY 2 B/JAPANESE INTENSIVE - ELEMENTARY 2 ,Class Information,Faculty/Graduate School,POLICY MANAGEMENT / ENVIRONMENT AND INFORMATION STUDIES,Course Registration Number,35743,Subject Sort,B2286,Title,JAPANESE INTENSIVE - ELEMENTARY 2,Field,Fundamental Subjects - Subjects of Language Communication,Unit,4 Unit,Year/Semester,2024 Fall,K-Number,FPE-CO-02802-111-02,Faculty/Graduate School,MEDIA AND GOVERNANCE,Course Registration Number,35758,Subject Sort,97017,Title,JAPANESE INTENSIVE - ELEMENTARY 2,Field,Optional Subjects,Unit,4 Unit,Year/Semester,2024 Fall,K-Number,GMG-MG-67603-111-02,Year/Semester,2024 Fall,Day of Week・Period,Tue 1st, Tue 2nd, Fri 1st, Fri 2nd,Lecturer Name,Takao Tomono,Hana Tomioka,Class Format,Face-to-face,Language,Japanese,Location,SFC,Class Style,＊Please click here for more information on the correspondence between 'Class Style' and ’Active Learning Methods’.,Lecture, Seminar, Group Work,GIGA Certificate,Not applied,Detail,Course Summary,This course is for students in the upper elementary level of Japanese. The purpose of this course is to enable students to explain themselves and have simple communication in Japanese. This course provides students with the knowledge of vocabularies, grammatical items, Kanji, and conversational expressions at a basic level speaking and writing about their own experience and thoughts.,To view more information, you need to log in with your CNS account.,湘南藤沢キャンパスシラバス検索システム,©Keio University.
https://syllabus.sfc.keio.ac.jp/courses/2024_46905?locale=ja,JP/EN,ログイン,シラバス,科目名槇文彦建築とアーバニズム思想 (寄附講座),授業概要,学部・研究科,総合政策・環境情報学部,登録番号,42134,科目ソート,X1104,科目名,槇文彦建築とアーバニズム思想,分野,特設科目,単位,2単位,開講年度・学期,2024 秋学期,K-Number,FPE-CO-06103-211-23,学部・研究科,政策・メディア研究科,登録番号,41836,科目ソート,95048,科目名,槇文彦建築とアーバニズム思想,分野,特設科目,単位,2単位,開講年度・学期,2024 秋学期,K-Number,GMG-MG-67303-211-23,開講年度・学期,2024 秋学期,曜日・時限,火 2限,授業教員名,小林　博人,池田　靖史,渡部　葉子,大沼　徹,実施形態,対面,授業で使う言語,日本語,開講場所,SFC,授業形態,※「授業形態」と「能動的学修形式」の対応についてはこちらをご覧ください。,講義, 演習, グループワーク,GIGAサティフィケート対象,非対象,詳細,講義概要,プリッカー賞をはじめとする多数の国際的な表彰を受けた槇文彦氏(1928-)は、長年にわたる設計活動とその作品について全世界から称賛される世界屈指の建築家です。我々のキャンパスの設計だけでなく、慶應義塾の多くの建物を手掛けられ、特に藤沢、三田、日吉の全ての図書館がその作品であることは象徴的です。日本でも建築学会賞を2回受賞し、東京体育館、幕張メッセ、横浜市庁舎などたくさんの作品を残されていますが、むしろ特筆すべきはその国際的な活躍と評価にあります。日本で設計活動を開始する以前からハーバード大学デザイン大学院にて教鞭を取り世界の建築界に幅広い交流ネットワークを持っていただけでなく、日本の建築思想を世界に紹介する実践的な理論家として認められていました。１９６０年代からメタボリストの一人として、建築設計作品と著作を通じて日本の建築文化を紹介し、江戸から続く日本の都市とその空間性をモダニズムの世界的潮流の中に位置付けたその思想は環境におけるローカリズムとグローバリズムの相克の観点から世界中の注目を集めました。ニューヨークWTC跡地、　MITメディアラボ、インド・ビハール博物館、シンガポール工科大学、アガ・カーン財団ロンドン本部、深セン世界文化センターなど、世界各地に地域と時代を象徴する建築物の設計者に招請されてきた事実が、何よりその高い評価を示しています。,慶應義塾大学SFC は槇文彦氏からの意向を受け、氏が所有・保管されている、スケッチ、図面、模型、写真、自身の著作原稿、刊行物や通信書簡などによる国際的な思想交流の軌跡などの貴重な資料ご寄贈を受け、将来にわたって内外の研究・教育活動に活用するために、収集整理・保管収蔵および展示やデータによる公開することを決めています。氏が設計したSFCの空間全体がその建築・都市デザインを見渡すメディアセンター４階を改修した「槇文彦アーカイブ・ルーム」をオープンし、慶應義塾の教育思想の体現をしてきた槇文彦氏の建築作品を世界中からの訪問客に展示して紹介するだけでなく、歴史的研究資料として、在学生はもちろん、世界中から利用されるデジタル・アーカイブ化を目指しています。資料の単なる画像データ化を超えて多角的で先端的なデジタル・コンテンツ化を目指して、慶應義塾大学アート・センター や慶應義塾ミュージアム・コモンズ 、慶應義塾大学デジタルメディア・コンテンツ統合研究センターとも連携をとっていく予定です。,この授業は、槇文彦氏の作品と足跡を通じてアーバニズムの国際的潮流や設計活動の歴史的な意義を理解すると同時に、建築設計を学ぶものが身につけるべき要素や応用可能な具体的知見が蓄積されている教材として、分析的な成果を作成すること自体を学びの機会にする授業です。建築におけるヒューマニズムのあり方を標榜した槇文彦氏の思想について、特に建築と都市デザインの学習と研究を目的にした学生にアーバニズムの国際的潮流と建築家・槇文彦の作品と思想の貴重な資料を保有する立場を活かした実践的な学習過程を提供します。,シラバスを更に閲覧するにはCNSアカウントでログインが必要です,湘南藤沢キャンパスシラバス検索システム,©Keio University.
https://syllabus.sfc.keio.ac.jp/courses/2024_46905?locale=en,JP/EN,Login,Syllabus,SubjectURBANISM IDEAS AND ARCHITECTURE OF FUMIHIKO MAKI (寄附講座),Class Information,Faculty/Graduate School,POLICY MANAGEMENT / ENVIRONMENT AND INFORMATION STUDIES,Course Registration Number,42134,Subject Sort,X1104,Title,URBANISM IDEAS AND ARCHITECTURE OF FUMIHIKO MAKI,Field,Special Subjects,Unit,2 Unit,Year/Semester,2024 Fall,K-Number,FPE-CO-06103-211-23,Faculty/Graduate School,MEDIA AND GOVERNANCE,Course Registration Number,41836,Subject Sort,95048,Title,URBANISM IDEAS AND ARCHITECTURE OF FUMIHIKO MAKI,Field,Special Courses,Unit,2 Unit,Year/Semester,2024 Fall,K-Number,GMG-MG-67303-211-23,Year/Semester,2024 Fall,Day of Week・Period,Tue 2nd,Lecturer Name,Hiroto Kobayashi,Yasushi Ikeda,Yohko Watanabe,Toru Onuma,Class Format,Face-to-face,Language,Japanese,Location,SFC,Class Style,＊Please click here for more information on the correspondence between 'Class Style' and ’Active Learning Methods’.,Lecture, Seminar, Group Work,GIGA Certificate,Not applied,Detail,Course Summary,Fumihiko Maki (1928-), recipient of numerous international awards including the Pritzker Prize, is one of the world's foremost architects, universally acclaimed for his long-standing design activities and his work. He has designed not only our campus, but also many buildings at Keio University, most notably the libraries in Fujisawa, Mita, and Hiyoshi. In Japan, he has been awarded the AIJ Prize twice, and his many works include the Tokyo Metropolitan Gymnasium, Makuhari Messe, and Yokohama City Hall, but it is his international activities and reputation that deserve special mention. He has also been recognized as a practical theorist who introduced Japanese architectural thought to the world. His ideas, which place Japanese cities and their spatiality in the context of the global trend of modernism since the Edo period, have attracted worldwide attention from the perspective of the conflict between localism and globalism in the environment. His work has been highly acclaimed and has been invited to design buildings that symbolize the region and the era around the world, including the WTC site in New York, MIT Media Lab, Bihar Museum in India, Singapore Institute of Technology, the Aga Khan Foundation London Headquarters, and Shenzhen World Culture Center.,Keio University SFC has received a donation from Mr. Fumihiko Maki of valuable materials such as sketches, drawings, models, photographs, manuscripts of his writings, publications, correspondence, etc., which he owned and kept in his possession, and has decided to collect, organize, store, and collect them for future use in research and educational activities both inside and outside Japan. We have decided to collect, organize, store, and collect these materials and to make them available to the public through exhibitions and data for future use in research and educational activities in Japan and abroad. The "Fumihiko Maki Archive Room," located on the renovated fourth floor of the Media Center, which overlooks the entire SFC space designed by Mr. Maki, will not only display and introduce to visitors from around the world the architectural works of Mr. Maki, who has embodied the educational philosophy of Keio University, but will also serve as a historical research resource for current and former students as well as for the public. The aim is to create a digital archive that can be used not only by current students but also by people from all over the world as a historical research resource. We plan to collaborate with the Keio University Art Center, Keio Museum Commons, and the Center for Integrated Research on Digital Media and Content at Keio University in order to create multifaceted and cutting-edge digital content that goes beyond the mere creation of image data.,This class is designed to help students understand the international trend of urbanism and the historical significance of design activities through the works and footsteps of Mr. Fumihiko Maki, and at the same time, to make the creation of analytical results itself a learning opportunity as a teaching material in which elements and applicable specific knowledge that those studying architectural design should master are accumulated. The course provides a practical learning process about the philosophy of Fumihiko Maki, who advocated humanism in architecture, especially for students who aim to study and research architecture and urban design, utilizing the international trend of urbanism and the position of holding valuable materials on the works and philosophy of the architect Fumihiko Maki.,To view more information, you need to log in with your CNS account.,湘南藤沢キャンパスシラバス検索システム,©Keio University.
https://syllabus.sfc.keio.ac.jp/courses/2024_47319?locale=ja,JP/EN,ログイン,シラバス,科目名不動産デザイン２ (寄附講座),授業概要,学部・研究科,総合政策・環境情報学部,登録番号,42832,科目ソート,X1112,科目名,不動産デザイン２,分野,特設科目,単位,2単位,開講年度・学期,2024 秋学期,K-Number,FPE-CO-06103-211-87,学部・研究科,政策・メディア研究科,登録番号,42775,科目ソート,95051,科目名,不動産デザイン２,分野,特設科目,単位,2単位,開講年度・学期,2024 秋学期,K-Number,GMG-MG-67303-211-87,開講年度・学期,2024 秋学期,曜日・時限,月 4限,授業教員名,小林　博人,上田　真路,実施形態,対面,授業で使う言語,日本語,開講場所,SFC, その他,授業形態,※「授業形態」と「能動的学修形式」の対応についてはこちらをご覧ください。,講義, 演習, 実験・実習・実技, グループワーク,GIGAサティフィケート対象,非対象,詳細,講義概要,コロナによるパンデミックを経験した世界の諸都市は今、これまで常識だと思われていた都市開発の手法をその根本から見直さなければならない時代に入った。これからの先の読めない社会に対して私たちはどのような都市の未来を描けばいいのだろうか。　,都市の様相や経済は様々な要因によって変化し、それに伴いその空間も変容する。本講座では、都市空間や都市経済の変容がどのように成り立ってきたのか、またどのような不動産メカニズムの下で起き、その時にどのような条件を考慮に入れ、何を目標としてその開発を行われなければならないのかを、春学期・秋学期を通して、具体的な不動産開発・投資の事例(ケース・スタディ)を国内外より挙げながら考察する。,また、米国MITより不動産デザインを教える教授および米国ベースのディベロッパーを迎え、これからの都市開発の行方について議論するとともに、日本の都市の将来について考察を行う。併せて、ポストコロナの時代の地方の価値向上やシェアリングエコノミーの台頭における不動産デザインの可能性を探る。,シラバスを更に閲覧するにはCNSアカウントでログインが必要です,湘南藤沢キャンパスシラバス検索システム,©Keio University.
https://syllabus.sfc.keio.ac.jp/courses/2024_47319?locale=en,JP/EN,Login,Syllabus,SubjectREAL ESTATE DESIGN 2 (寄附講座),Class Information,Faculty/Graduate School,POLICY MANAGEMENT / ENVIRONMENT AND INFORMATION STUDIES,Course Registration Number,42832,Subject Sort,X1112,Title,REAL ESTATE DESIGN 2,Field,Special Subjects,Unit,2 Unit,Year/Semester,2024 Fall,K-Number,FPE-CO-06103-211-87,Faculty/Graduate School,MEDIA AND GOVERNANCE,Course Registration Number,42775,Subject Sort,95051,Title,REAL ESTATE DESIGN 2,Field,Special Courses,Unit,2 Unit,Year/Semester,2024 Fall,K-Number,GMG-MG-67303-211-87,Year/Semester,2024 Fall,Day of Week・Period,Mon 4th,Lecturer Name,Hiroto Kobayashi,Masamichi Ueta,Class Format,Face-to-face,Language,Japanese,Location,SFC, Other,Class Style,＊Please click here for more information on the correspondence between 'Class Style' and ’Active Learning Methods’.,Lecture, Seminar, Lab / On-site Training / Skill-Development, Group Work,GIGA Certificate,Not applied,Detail,Course Summary,Following the Coronavirus pandemic, cities around the world have entered an new era in which we must fundamentally rethink methods of urban development that were once considered common sense. What kind of urban future should we envision in the VUCA (Volatile・Uncertain・Complex・Ambiguous) world?,The economy and fabric of cities transform due to various factors, as do their spatial qualities. In this course, we will explore the goals of urbanization, the conditions that shape these goals, and the factors and mechanisms of real estate development. We will investigate the cause of transformations in urban economy and space, citing specific examples of real estate and investment case studies from Japan and abroad.,In addition, we will welcome a professor of MIT who teaches real estate designand a developper in the United States to discuss the future of urban development and consider the future of Japanese cities. At the same time, we will explore the possibilities of real estate design in the post-corona era, considering local values and the rise of the sharing economy.,To view more information, you need to log in with your CNS account.,湘南藤沢キャンパスシラバス検索システム,©Keio University.
https://syllabus.sfc.keio.ac.jp/courses/2024_47931?locale=ja,JP/EN,ログイン,シラバス,科目名実践演習：マーケティング技法 (寄附講座),授業概要,学部・研究科,総合政策・環境情報学部,登録番号,44562,科目ソート,X1123,科目名,実践演習：マーケティング技法,分野,特設科目,単位,2単位,開講年度・学期,2024 秋学期,K-Number,FPE-CO-06103-211-07,学部・研究科,政策・メディア研究科,登録番号,44577,科目ソート,95053,科目名,実践演習：マーケティング技法,分野,特設科目,単位,2単位,開講年度・学期,2024 秋学期,K-Number,GMG-MG-67303-211-07,開講年度・学期,2024 秋学期,曜日・時限,月 4限,授業教員名,琴坂　将広,千葉　尚志,実施形態,対面,授業で使う言語,日本語,開講場所,SFC, その他,授業形態,※「授業形態」と「能動的学修形式」の対応についてはこちらをご覧ください。,講義, 演習, グループワーク,GIGAサティフィケート対象,非対象,詳細,講義概要,この授業では現役の経営コンサルタント（講師のほかにもコンサルテイング企業の経験者が側面支援で参加予定）が実践的な分析手法を教えます。新規履修者は１か月の座学を経て2か月目からは事例研究の個人演習（Aコース）、もしくは企業との共同研究のグループワーク（Bコース）に参加します。ただし春学期の「実践演習：ビジネスモデル分析」を履修し良好な成績を修めた方は当初からBコースの企業との共同研究のグルワに参加できます。Bコースの企業との共同調査は春学期の場合、エコロシティ（コインパーキング）、タカキュー（アパレル）、下鴨茶寮の3社と行いました。今期のBコースの協力企業は現在仕込み中です。,（注）①新規履修者の履修パターン,前半授業（１~4回）では先行事例を手掛かりに企業の収益を生み出す商品・サービスの基盤となるマーケティングについて最新技法を学びます。2か月目以降は各人のスキルや状況にあわせて「Aコース：個人研究」もしくは「Bコース：グループワーク」によって特定の業界や企業に関する実践的な戦略構築を行います。グループワークは企業スタッフとの共同作業となるため課外の時間コミットが必須となりますが、得難い体験となるはずです。また就活に向けても極めて有効な経験になるはずです。なお当初はAコースでも途中からBコースに合流する選択肢も用意します。,（注）②「A.個人研究」,主に消費材の各業界や個別企業の課題分析や市場調査を行います。具体にはデータ分析や実地調査等を行います。,（注）③「Ｂ．グループワーク」,特定クライアント企業と毎週１、２回（都内、平日夜）の打ち合わせを重ねながら戦略提言をまとめます。この場合、交通費や管理経費などは企業等が負担します。,(グルワチームの分析結果のイメージは「日経ビジネスオンライン」の連載記事(以下のうち消費財関連)を参照ください。 http://shinichi-ueyama.com/DOC/ueyama-article_4.htm,（注）④「Ａ．個人研究」か「Ｂ．グループワーク」か？,各人がどのコースを選ぶかは、第１～４回座学授業における提出レポートの内容と、履修者の数・力量、希望、協力企業の受け入れ状況、履修前に面談を実施した人の場合はその結果等を総合的に勘案して決めます。原則として、学期中にA↔Bの入れ替えはありません。,（注）⑤前半の新規履修者向けの座学授業について,ここでは”ブランドマーケティング“やまた旧来的なマスマーケティング（オフライン）とオンラインマーケティングを統合したオムニチャネルマーケティングも学びます。併せて、コンサルティングの実務で基本となる、イシューアナリシス、プレゼンテーションパッケージの作成とその発表に際して必要なロジカルシンキングの基礎を学びます。より詳細には以下の項目に沿い授業を進めます。,1.	マーケティングの基礎,•	旧来的なマスマーケティングとオンラインマーケティング,•	両者を統合的にマネジメントしてマーケティングを実践する（オムニチャネルマーケティング）,•	ブランディング・ブランドマーケティングとは,2.	マスマーケティングの基礎,•	STP・４P・６C等のマーケティング関連の基本フレームワーク,•	未来予測（シナリオプラニング）,•	各種消費者調査,3.	オンラインマーケティングと統合的マーケティング,•	オンラインマーケティングの基礎（WEBマーケティングの基本フレームワーク）,•	SNSマーケティング,•	マスマーケティング手法と統合したマーケティング,4.	ブランドマーケティングと情報システム由来のデータ解析,•	消費行動モデルとカスタマージャーニー、ブランドタッチポイントマネジメント,•	情報システムが生成するデータ解析の概要,5.	Issue Analysisとプレゼンテーションパッケージ作成・発表の技法,•	課題設定⇒解決仮説設定、イシューアナリシス全体像の認識からのプレゼンテーションパッケージ想起という、イシューアナリシスの真骨頂部分２点に絞って学びます,シラバスを更に閲覧するにはCNSアカウントでログインが必要です,湘南藤沢キャンパスシラバス検索システム,©Keio University.
https://syllabus.sfc.keio.ac.jp/courses/2024_47931?locale=en,JP/EN,Login,Syllabus,SubjectWORKSHOPS ON PRACTICAL MARKETING ANALYSIS (寄附講座),Class Information,Faculty/Graduate School,POLICY MANAGEMENT / ENVIRONMENT AND INFORMATION STUDIES,Course Registration Number,44562,Subject Sort,X1123,Title,WORKSHOPS ON PRACTICAL MARKETING ANALYSIS,Field,Special Subjects,Unit,2 Unit,Year/Semester,2024 Fall,K-Number,FPE-CO-06103-211-07,Faculty/Graduate School,MEDIA AND GOVERNANCE,Course Registration Number,44577,Subject Sort,95053,Title,WORKSHOPS ON PRACTICAL MARKETING ANALYSIS,Field,Special Courses,Unit,2 Unit,Year/Semester,2024 Fall,K-Number,GMG-MG-67303-211-07,Year/Semester,2024 Fall,Day of Week・Period,Mon 4th,Lecturer Name,Masahiro Kotosaka,Takashi Chiba,Class Format,Face-to-face,Language,Japanese,Location,SFC, Other,Class Style,＊Please click here for more information on the correspondence between 'Class Style' and ’Active Learning Methods’.,Lecture, Seminar, Group Work,GIGA Certificate,Not applied,Detail,Course Summary,The lecturers are manegerial consultants (ex-McKinsey) who have led various corporate transformations into success so far. In the first third of this series of the classes, you will learn basic concepts and techniques regarding business models, and how data analysis can be used to solve the related issues, using existing cases as clues. In the remaining two-thirds of the class series, individual research or group work (2-3 people per group) will be conducted for studies of business model analyses and strategic evaluations of each industry and/or an individual company. Specifically, data analyses and field surveys will be conducted, and the proposals will be made and summed up while holding meetings once or twice a week (face-to-face in Tokyo or online, depending on the case, may be held on weekday nights or weekends).,In some cases, joint researches will be conducted with individual companies, and in such cases, the companies bear transportation and other expenses.,(Note)1. See the series of articles in "Nikkei Business Online" for an image of the analysis results. http://shinichi-ueyama.com/DOC/ueyama-article_4.htm,(Note)2. Stated above, in the remaining two-thirds of the class series, students will build practical strategies for specific industries and companies through either "Course A: Individual Research" or "Course B: Group Work," depending on each person's skills and situation. The course for individual student will be decided after having an interview with the lecturers at the time of selection and comprehensively taking into consideration the number of students, their ability, their wishes, and the acceptance status of cooperating companies. The lecturers will take also your level of participation in class during the first month and the submitted reports into this consideration.,As a general rule, there will be no exchange of A↔B during the semester.,(Note) 3. "Course A. Individual research",We mainly conduct issue analysis and market research for various consumer goods industries and individual companies. Specifically, we will conduct data analysis and field surveys. The students assigned to this area form a group, and the lecturers provide feedback to each group regarding the progress of the content, and a report on the survey results is completed.,(Note)4. "Course B: Group Work,",We compile strategic recommendations through repeated meetings with the assigned specific client company once or twice a week (in Tokyo, on weekday evenings). In this case, the company will pay the transportation and administrative expenses.,(For an image of the analysis results of the group work B team, please refer to the serialized articles (related to consumer goods below) in Nikkei Business Online. http://shinichi-ueyama.com/DOC/ueyama-article_4.htm,（Note)5. As to the contents in the classroom for totally newly registering students in the first month, you will learn about business models based on a business management perspective and actual business management examples. At the same time, you will learn the basics of logical thinking necessary for creating and presenting issue analysis, charts, and presentation packages, which are the basics of consulting practice.,(Note)6. Whether it will be an independent research project or a joint project with an individual company will be determined by comprehensively taking into consideration the coronavirus infection status, the number and ability of students, and the acceptance status of cooperating companies.,To view more information, you need to log in with your CNS account.,湘南藤沢キャンパスシラバス検索システム,©Keio University.
https://syllabus.sfc.keio.ac.jp/courses/2024_48154?locale=ja,JP/EN,ログイン,シラバス,科目名ＥＳＧ投資とサステナブル経営 (寄附講座)【学期後半】,授業概要,学部・研究科,総合政策・環境情報学部,登録番号,45296,科目ソート,X1126,科目名,ＥＳＧ投資とサステナブル経営,分野,特設科目,単位,2単位,開講年度・学期,2024 秋学期,K-Number,FPE-CO-06103-211-07,学部・研究科,政策・メディア研究科,登録番号,45315,科目ソート,95054,科目名,ＥＳＧ投資とサステナブル経営,分野,特設科目,単位,2単位,開講年度・学期,2024 秋学期,K-Number,GMG-MG-67303-211-07,開講年度・学期,2024 秋学期,曜日・時限,月 4限, 月 5限,授業教員名,保田　隆明,福田　智美,実施形態,対面,授業で使う言語,日本語,開講場所,SFC,授業形態,※「授業形態」と「能動的学修形式」の対応についてはこちらをご覧ください。,講義, 演習, グループワーク,GIGAサティフィケート対象,非対象,詳細,講義概要,本科目はビジネスをリアルに感じてもらいながら、昨今のESG/サステナビリティの取り組みが企業経営や社会にもたらす影響について、アカデミックリサーチ結果の共有と、実務現場の第一線で働く方々による実践的なレクチャーをもとに理解を深めていくことを目的とします。,今後、企業経営、金融、証券投資だけでなく、ESGなど非財務情報についてさらに理解を深めていきたい学部生および大学院生に幅広い見地を提供することを目的とし、プロフェッショナルの育成も視野に入れていくための講義を展開していきます。,シラバスを更に閲覧するにはCNSアカウントでログインが必要です,湘南藤沢キャンパスシラバス検索システム,©Keio University.
https://syllabus.sfc.keio.ac.jp/courses/2024_48154?locale=en,JP/EN,Login,Syllabus,SubjectESG INVESTMENT AND SUSTAINABLE MANAGEMENT (寄附講座)[2nd half of semester],Class Information,Faculty/Graduate School,POLICY MANAGEMENT / ENVIRONMENT AND INFORMATION STUDIES,Course Registration Number,45296,Subject Sort,X1126,Title,ESG INVESTMENT AND SUSTAINABLE MANAGEMENT,Field,Special Subjects,Unit,2 Unit,Year/Semester,2024 Fall,K-Number,FPE-CO-06103-211-07,Faculty/Graduate School,MEDIA AND GOVERNANCE,Course Registration Number,45315,Subject Sort,95054,Title,ESG INVESTMENT AND SUSTAINABLE MANAGEMENT,Field,Special Courses,Unit,2 Unit,Year/Semester,2024 Fall,K-Number,GMG-MG-67303-211-07,Year/Semester,2024 Fall,Day of Week・Period,Mon 4th, Mon 5th,Lecturer Name,Takaaki Hoda,Tomomi Fukuta,Class Format,Face-to-face,Language,Japanese,Location,SFC,Class Style,＊Please click here for more information on the correspondence between 'Class Style' and ’Active Learning Methods’.,Lecture, Seminar, Group Work,GIGA Certificate,Not applied,Detail,Course Summary,The objective of this course is to give students a realistic sense of business and to deepen their understanding of the impact of recent ESG/sustainability initiatives on corporate management and society, based on the sharing of academic research results and practical lectures by people working on the front lines of business.,The lectures are designed to provide a broad perspective to undergraduate and graduate students who wish to deepen their understanding of not only corporate management, finance, and securities investment, but also ESG and other non-financial information, with a view to developing professionals in the future.,To view more information, you need to log in with your CNS account.,湘南藤沢キャンパスシラバス検索システム,©Keio University.
https://syllabus.sfc.keio.ac.jp/courses/2024_48178?locale=ja,JP/EN,ログイン,シラバス,科目名地域産官学連携実践演習＜農から「生きる」を構築する＞ ,授業概要,学部・研究科,総合政策・環境情報学部,登録番号,45573,科目ソート,X1127,科目名,地域産官学連携実践演習＜農から「生きる」を構築する＞,分野,特設科目,単位,2単位,開講年度・学期,2024 秋学期,K-Number,FPE-CO-06103-211-88,学部・研究科,政策・メディア研究科,登録番号,45569,科目ソート,95055,科目名,地域産官学連携実践演習＜農から「生きる」を構築する＞,分野,特設科目,単位,2単位,開講年度・学期,2024 秋学期,K-Number,GMG-MG-67303-211-88,開講年度・学期,2024 秋学期,曜日・時限,金 6限, 金 7限,授業教員名,長谷部　葉子,実施形態,対面,授業で使う言語,日本語,開講場所,SFC,授業形態,※「授業形態」と「能動的学修形式」の対応についてはこちらをご覧ください。,講義, グループワーク,GIGAサティフィケート対象,非対象,詳細,講義概要,SFCが設立して30 年が経過し、多くの卒業生が輩出されてきました。私たちは次の30年のSFCの在り方と方向性を探求すべきだと考えています。それには現役生・卒業生・教員に加えて、地域を交えて改めてSFCを捉え直すことが好ましいでしょう。本講義の第一の目的は、SFCがこれから学問を創出する方法ならびにSFCの学問的価値の裏付けとなる発想の明確化、第二の目的は、現役生・地域住民・卒業生と持続可能な連携を実現する方法の創出です。SFC三田会と担当教員のネットワークを活かし、持続可能で魅力的な地域産官学連携の新たな形態を、卒業生・地域住民・在学生・教員の四者で作り上げます。2019年度から4年間、創立30周年記念科目として「ミネルバの森」を開講してきました。現在までの履修者からの授業継続要望を受けたことから、これを継続するものとして、新たに本講座を開講し、次の設立３０年以降のSFCの在り方を実践的にチームで取り組む。,シラバスを更に閲覧するにはCNSアカウントでログインが必要です,湘南藤沢キャンパスシラバス検索システム,©Keio University.
https://syllabus.sfc.keio.ac.jp/courses/2024_48178?locale=en,JP/EN,Login,Syllabus,SubjectPRACTICAL EXERCISES OF REGIONAL INDUSTRY-GOVERNMENT-ACADEMIA COLLABORATION <CONSTRUCTING "LIVING" FROM AGRICULTURE> ,Class Information,Faculty/Graduate School,POLICY MANAGEMENT / ENVIRONMENT AND INFORMATION STUDIES,Course Registration Number,45573,Subject Sort,X1127,Title,PRACTICAL EXERCISES OF REGIONAL INDUSTRY-GOVERNMENT-ACADEMIA COLLABORATION <CONSTRUCTING "LIVING" FROM AGRICULTURE>,Field,Special Subjects,Unit,2 Unit,Year/Semester,2024 Fall,K-Number,FPE-CO-06103-211-88,Faculty/Graduate School,MEDIA AND GOVERNANCE,Course Registration Number,45569,Subject Sort,95055,Title,PRACTICAL EXERCISES OF REGIONAL INDUSTRY-GOVERNMENT-ACADEMIA COLLABORATION <CONSTRUCTING "LIVING" FROM AGRICULTURE>,Field,Special Courses,Unit,2 Unit,Year/Semester,2024 Fall,K-Number,GMG-MG-67303-211-88,Year/Semester,2024 Fall,Day of Week・Period,Fri 6th, Fri 7th,Lecturer Name,Yoko Hasebe,Class Format,Face-to-face,Language,Japanese,Location,SFC,Class Style,＊Please click here for more information on the correspondence between 'Class Style' and ’Active Learning Methods’.,Lecture, Group Work,GIGA Certificate,Not applied,Detail,Course Summary,It is over 3 decades since SFC was established, and now so many almni so far.It is essential for us to persue how SFC should be and which direction we should be heading for. It is also preferable thatlocal people, in additon to SFC students, almni, faculty menbersto observe and to reconstract SFC with local community. The first objectiveof this course to clarify the method and the logic which sill support the academic value of SFC. The second objectives is to find the way or to find the solutions to realize sustainable collaboration between studuents, local people, and almni. We do our best to create a sustainable network between SFC Mita Community and SFC faculty memebers and rennovate and attractive and sustainable style for the future. Since 2019, "Forest of Minerva" has been offered to SFC students in collaboration with many SFC almni for 4 years. Fortunately students who took the course have been so motivated by and satisfied with the course and have received the request from them to continue the renovated course for the next 30 years to come.,sfc. And the second objective is to create the method to realize a sustainable collaboration and to create a model as a team of almni, local people, students, faculty. Since 2019, we offered a course, "This course is designed for all the almuni, SFC, locality, all the memebers related to SFC to collaborate, and create sustainable future together as sustainable campus + local communities. ,To view more information, you need to log in with your CNS account.,湘南藤沢キャンパスシラバス検索システム,©Keio University.
https://syllabus.sfc.keio.ac.jp/courses/2024_48890?locale=ja,JP/EN,ログイン,シラバス,科目名演劇と現代 (GIGA)/演劇と現代 ,授業概要,学部・研究科,総合政策・環境情報学部,登録番号,49344,科目ソート,X1132,科目名,演劇と現代,分野,特設科目,単位,2単位,開講年度・学期,2024 秋学期,K-Number,FPE-CO-06103-212-02,学部・研究科,政策・メディア研究科,登録番号,49359,科目ソート,95057,科目名,演劇と現代,分野,特設科目,単位,2単位,開講年度・学期,2024 秋学期,K-Number,GMG-MG-67303-212-02,開講年度・学期,2024 秋学期,曜日・時限,木 4限,授業教員名,石渕　理恵子,実施形態,対面,授業で使う言語,英語,開講場所,SFC,授業形態,※「授業形態」と「能動的学修形式」の対応についてはこちらをご覧ください。,講義, グループワーク,GIGAサティフィケート対象,非対象,詳細,講義概要,本講義は約400年前のイギリスで創作されたシェイクスピア劇が、21世紀を生きる私たちにどのような視座を提供しているかを探究します。シェイクスピア劇がなぜ今日的な意味を持ち得るのか、本講義では、尽きることないその魅力を紹介していきます。また、シェイクスピア劇は、それらが創作された英国ルネサンス期の社会的・文化的コンテクストを反映していることも踏まえて、履修者がその内容を理解し楽しむことができるように手助けをしていきます。本講義を通して、21世紀のグローバル市民として積極的な役割を担っていく履修生が、更に豊かな人間性を育むきっかけとしてほしいと願っています。,学部生は、複数のシェイクスピア劇から有名なシーンを幅広く読んでいきます。大学院生は授業で扱うシェイクスピア劇全体を読みます。全履修生が講義を受け、毎週コメントペーパーを提出します。過去の舞台上演映像や映画なども幅広く視聴しながら、現代ではシェイクスピア劇がどのように演じられるべきかも考えていきます。,大学院生は、ディスカッションのファシリテーター役を担うことが期待されています。シェイクスピア劇に関する研究書を1冊読み、ブックレビューを執筆して、その内容を活かして最終レポートを仕上げてもらう予定です。,シラバスを更に閲覧するにはCNSアカウントでログインが必要です,湘南藤沢キャンパスシラバス検索システム,©Keio University.
https://syllabus.sfc.keio.ac.jp/courses/2024_48890?locale=en,JP/EN,Login,Syllabus,SubjectTHEATRE IN OUR TIME (GIGA)/THEATRE IN OUR TIME ,Class Information,Faculty/Graduate School,POLICY MANAGEMENT / ENVIRONMENT AND INFORMATION STUDIES,Course Registration Number,49344,Subject Sort,X1132,Title,THEATRE IN OUR TIME,Field,Special Subjects,Unit,2 Unit,Year/Semester,2024 Fall,K-Number,FPE-CO-06103-212-02,Faculty/Graduate School,MEDIA AND GOVERNANCE,Course Registration Number,49359,Subject Sort,95057,Title,THEATRE IN OUR TIME,Field,Special Courses,Unit,2 Unit,Year/Semester,2024 Fall,K-Number,GMG-MG-67303-212-02,Year/Semester,2024 Fall,Day of Week・Period,Thu 4th,Lecturer Name,Rieko Ishibuchi,Class Format,Face-to-face,Language,English,Location,SFC,Class Style,＊Please click here for more information on the correspondence between 'Class Style' and ’Active Learning Methods’.,Lecture, Group Work,GIGA Certificate,Not applied,Detail,Course Summary,This class explores how Shakespeare helps us understand the world we live in. Exploring why his plays are still relevant today, this class will introduce the enduring appeal of his works. This class will also help students understand and appreciate his plays, bearing in mind that they reflect social and cultural contexts in which he wrote. Hopefully, through this class, students will develop a richer sense of humanity in order to play an active role as a global citizen in the 21st century. ,Undergraduate students will read a selection of famous scenes, while graduate students need to read the entire play for some of the plays covered in this class. All students receive lectures and write comments on weekly classes. We will watch DVDs of past performances and consider how his plays should be performed today. ,Graduate students are expected to facilitate discussions, read one academic monograph on Shakespeare, write a book review, and make use of its content in the final report. ,To view more information, you need to log in with your CNS account.,湘南藤沢キャンパスシラバス検索システム,©Keio University.