data:text/csv;charset=utf-8;header=absenthttps://syllabus.sfc.keio.ac.jp/courses/2024_48715?locale=ja,JP/EN,ログイン,シラバス,科目名アカデミックプロジェクト（ノーベル・コンピューティング：ＡＩと脳科学） ,授業概要,学部・研究科,政策・メディア研究科,登録番号,47849,科目ソート,70002,科目名,アカデミックプロジェクト（ノーベル・コンピューティング：ＡＩと脳科学）,分野,プロジェクト科目,単位,1単位,開講年度・学期,2024 春学期,K-Number,GMG-MG-67203-612-88,開講年度・学期,2024 春学期,曜日・時限,授業教員名,青山　敦,川島　英之,実施形態,対面,授業で使う言語,英語,開講場所,SFC,授業形態,※「授業形態」と「能動的学修形式」の対応についてはこちらをご覧ください。,講義, 演習,GIGAサティフィケート対象,非対象,詳細,講義概要,センサやアクチュエータと共にコンピュータは環境に埋め込まれつつあります．これにより人工物は自然物と同一化しつつあり，コンピュータはこれまでになく世界を制御しつつあります．近年のコンピュータサイエンスの急速な進展は，理論とデータによりもたらされました．我々はこれらを進展すべく，(1)脳神経科学や自然計算に基づく新理論と(2)超大規模データ処理技術を探求します．,シラバスを更に閲覧するにはCNSアカウントでログインが必要です,湘南藤沢キャンパスシラバス検索システム,©Keio University.
https://syllabus.sfc.keio.ac.jp/courses/2024_48715?locale=en,JP/EN,Login,Syllabus,SubjectACADEMIC PROJECT(NOVEL COMPUTING: AI AND BRAIN SCIENCE) ,Class Information,Faculty/Graduate School,MEDIA AND GOVERNANCE,Course Registration Number,47849,Subject Sort,70002,Title,ACADEMIC PROJECT(NOVEL COMPUTING: AI AND BRAIN SCIENCE),Field,Project Courses,Unit,1 Unit,Year/Semester,2024 Spring,K-Number,GMG-MG-67203-612-88,Year/Semester,2024 Spring,Day of Week・Period,Lecturer Name,Atsushi Aoyama,Hideyuki Kawashima,Class Format,Face-to-face,Language,English,Location,SFC,Class Style,＊Please click here for more information on the correspondence between 'Class Style' and ’Active Learning Methods’.,Lecture, Seminar,GIGA Certificate,Not applied,Detail,Course Summary,Along with sensors and actuators, computers are becoming embedded in the environment. As a result, artificial objects are becoming identical to natural objects, and computers start to control the real world. In recent years, rapid progress in computer science has been driven by theory and data. We are exploring (1) new theories based on neuroscience and natural computation, and (2) ultra-large-scale data processing techniques to make these advances.,To view more information, you need to log in with your CNS account.,湘南藤沢キャンパスシラバス検索システム,©Keio University.
https://syllabus.sfc.keio.ac.jp/courses/2024_29808?locale=ja,JP/EN,ログイン,シラバス,科目名アカデミック・ライティング特別演習 ,授業概要,学部・研究科,政策・メディア研究科,登録番号,21865,科目ソート,97003,科目名,アカデミック・ライティング特別演習,分野,自由科目,単位,2単位,開講年度・学期,2024 春学期,K-Number,GMG-MG-67604-222-89,開講年度・学期,2024 春学期,曜日・時限,水 2限,授業教員名,ランド，　ネリダ,実施形態,オンライン（ライブ）,授業で使う言語,英語,開講場所,その他,授業形態,※「授業形態」と「能動的学修形式」の対応についてはこちらをご覧ください。,講義, 演習, グループワーク,GIGAサティフィケート対象,非対象,詳細,講義概要,自分の意見を述べたり、文献などの資料を参照したりしながら、簡単なアカデミック・エッセイを英語で書くことを学びます。宿題のリーディングやその他のメディア、そしてクラスでのディスカッションを織り交ぜた教材を分析し、それに対するアカデミックに反応する文章の書き方を学びます。また、このコースでは論文を書く必要はありませんが、英語で論文を構成する方法も学びます。,シラバスを更に閲覧するにはCNSアカウントでログインが必要です,湘南藤沢キャンパスシラバス検索システム,©Keio University.
https://syllabus.sfc.keio.ac.jp/courses/2024_29808?locale=en,JP/EN,Login,Syllabus,SubjectACADEMIC WRITING FOR GRADUATE STUDIES ,Class Information,Faculty/Graduate School,MEDIA AND GOVERNANCE,Course Registration Number,21865,Subject Sort,97003,Title,ACADEMIC WRITING FOR GRADUATE STUDIES,Field,Optional Subjects,Unit,2 Unit,Year/Semester,2024 Spring,K-Number,GMG-MG-67604-222-89,Year/Semester,2024 Spring,Day of Week・Period,Wed 2nd,Lecturer Name,Nerida Rand,Class Format,Online (Live),Language,English,Location,Other,Class Style,＊Please click here for more information on the correspondence between 'Class Style' and ’Active Learning Methods’.,Lecture, Seminar, Group Work,GIGA Certificate,Not applied,Detail,Course Summary,In this course, you will learn to write simple academic essays in English, expressing your own opinions and referencing external material. You will learn to analyse and respond to material that comes from a mixture of reading homework. film and other media, and in-class discussions.You will also learn how to structure a full dissertation in English, although you will not be required to write a full dissertation for this course.,To view more information, you need to log in with your CNS account.,湘南藤沢キャンパスシラバス検索システム,©Keio University.
https://syllabus.sfc.keio.ac.jp/courses/2024_48696?locale=ja,JP/EN,ログイン,シラバス,科目名アカデミックプロジェクト（芸術と科学） ,授業概要,学部・研究科,政策・メディア研究科,登録番号,47633,科目ソート,70002,科目名,アカデミックプロジェクト（芸術と科学）,分野,プロジェクト科目,単位,1単位,開講年度・学期,2024 春学期,K-Number,GMG-MG-67203-611-88,開講年度・学期,2024 春学期,曜日・時限,授業教員名,サベジ，　パトリック　Ｅ,藤井　進也,脇田　玲,巴山　竜来,実施形態,対面,授業で使う言語,日本語,開講場所,SFC,授業形態,※「授業形態」と「能動的学修形式」の対応についてはこちらをご覧ください。,講義,GIGAサティフィケート対象,非対象,詳細,講義概要,芸術と科学を学ぶ大学院生のための交流の場を設けること、その交流を通して、研究の多様性を理解し、自らの研究を俯瞰する視点を獲得することを目的とします。,シラバスを更に閲覧するにはCNSアカウントでログインが必要です,湘南藤沢キャンパスシラバス検索システム,©Keio University.
https://syllabus.sfc.keio.ac.jp/courses/2024_48696?locale=en,JP/EN,Login,Syllabus,SubjectACADEMIC PROJECT(ART AND SCIENCE) ,Class Information,Faculty/Graduate School,MEDIA AND GOVERNANCE,Course Registration Number,47633,Subject Sort,70002,Title,ACADEMIC PROJECT(ART AND SCIENCE),Field,Project Courses,Unit,1 Unit,Year/Semester,2024 Spring,K-Number,GMG-MG-67203-611-88,Year/Semester,2024 Spring,Day of Week・Period,Lecturer Name,Patrick Savage E,Shinya Fujii,Akira Wakita,Tatsuki Hayama,Class Format,Face-to-face,Language,Japanese,Location,SFC,Class Style,＊Please click here for more information on the correspondence between 'Class Style' and ’Active Learning Methods’.,Lecture,GIGA Certificate,Not applied,Detail,Course Summary,The purpose of this program is to provide a forum for graduate students studying art and science to interact with each other, and through such interaction, to understand the diversity of research and to gain a bird's eye view of their own research.,To view more information, you need to log in with your CNS account.,湘南藤沢キャンパスシラバス検索システム,©Keio University.
https://syllabus.sfc.keio.ac.jp/courses/2024_48692?locale=ja,JP/EN,ログイン,シラバス,科目名アカデミックプロジェクト（パフォーマンスとキャリア） ,授業概要,学部・研究科,政策・メディア研究科,登録番号,47595,科目ソート,70002,科目名,アカデミックプロジェクト（パフォーマンスとキャリア）,分野,プロジェクト科目,単位,1単位,開講年度・学期,2024 春学期,K-Number,GMG-MG-67203-621-10,開講年度・学期,2024 春学期,曜日・時限,授業教員名,島津　明人,加藤　貴昭,水鳥　寿思,千田　健太,実施形態,オンライン（ライブ）,授業で使う言語,日本語,開講場所,その他,授業形態,※「授業形態」と「能動的学修形式」の対応についてはこちらをご覧ください。,講義, グループワーク,GIGAサティフィケート対象,非対象,詳細,講義概要,本アカデミックプロジェクトでは大学での各種パフォーマンスと、卒業後のキャリアを考慮し、心理学を中心とする学問領域から様々な理論を学び、各種議論を行いながら、学術的のみならず実践的な成果を残すことを目指す。,シラバスを更に閲覧するにはCNSアカウントでログインが必要です,湘南藤沢キャンパスシラバス検索システム,©Keio University.
https://syllabus.sfc.keio.ac.jp/courses/2024_48692?locale=en,JP/EN,Login,Syllabus,SubjectACADEMIC PROJECT(PERFORMANCE AND CAREER) ,Class Information,Faculty/Graduate School,MEDIA AND GOVERNANCE,Course Registration Number,47595,Subject Sort,70002,Title,ACADEMIC PROJECT(PERFORMANCE AND CAREER),Field,Project Courses,Unit,1 Unit,Year/Semester,2024 Spring,K-Number,GMG-MG-67203-621-10,Year/Semester,2024 Spring,Day of Week・Period,Lecturer Name,Akihito Shimazu,Takaaki Kato,Hisashi Mizutori,Kenta Chida,Class Format,Online (Live),Language,Japanese,Location,Other,Class Style,＊Please click here for more information on the correspondence between 'Class Style' and ’Active Learning Methods’.,Lecture, Group Work,GIGA Certificate,Not applied,Detail,Course Summary,In this academic project, taking into consideration various performances at university and post-graduation careers, we will learn various theories from the academic field with a focus on psychology and engage in various discussions, aiming to leave not only academic but also practical achievements.,To view more information, you need to log in with your CNS account.,湘南藤沢キャンパスシラバス検索システム,©Keio University.
https://syllabus.sfc.keio.ac.jp/courses/2024_48713?locale=ja,JP/EN,ログイン,シラバス,科目名アカデミックプロジェクト（ｘＳＤＧ） ,授業概要,学部・研究科,政策・メディア研究科,登録番号,47820,科目ソート,70002,科目名,アカデミックプロジェクト（ｘＳＤＧ）,分野,プロジェクト科目,単位,1単位,開講年度・学期,2024 春学期,K-Number,GMG-MG-67203-611-88,開講年度・学期,2024 春学期,曜日・時限,授業教員名,小林　博人,蟹江　憲史,国谷　裕子,実施形態,対面,授業で使う言語,日本語,開講場所,SFC,授業形態,※「授業形態」と「能動的学修形式」の対応についてはこちらをご覧ください。,演習, 実験・実習・実技, グループワーク,GIGAサティフィケート対象,非対象,詳細,講義概要,本科目は、xSDGラボ・コンソーシアムと協力しながら、企業におけるSDGs達成へ向けた行動推進を実践的に学び、その課題と課題克服方法を検討する。その際には、SDGsのガバナンス構造、設計、内容、性格について概観したうえで、アクティブ・ラーニングとして、受講者によって課題克服方法を具体的に考案していく。これらを通じて、持続可能な開発ガバナンスにおける、今日のSDGsをめぐるダイナミズムについて学んでいく。,シラバスを更に閲覧するにはCNSアカウントでログインが必要です,湘南藤沢キャンパスシラバス検索システム,©Keio University.
https://syllabus.sfc.keio.ac.jp/courses/2024_48713?locale=en,JP/EN,Login,Syllabus,SubjectACADEMIC PROJECT(XSDG) ,Class Information,Faculty/Graduate School,MEDIA AND GOVERNANCE,Course Registration Number,47820,Subject Sort,70002,Title,ACADEMIC PROJECT(XSDG),Field,Project Courses,Unit,1 Unit,Year/Semester,2024 Spring,K-Number,GMG-MG-67203-611-88,Year/Semester,2024 Spring,Day of Week・Period,Lecturer Name,Hiroto Kobayashi,Norichika Kanie,,Class Format,Face-to-face,Language,Japanese,Location,SFC,Class Style,＊Please click here for more information on the correspondence between 'Class Style' and ’Active Learning Methods’.,Seminar, Lab / On-site Training / Skill-Development, Group Work,GIGA Certificate,Not applied,Detail,Course Summary,This course is organized in collaboration with xSDG laboratory and its consortium, designed to understand and promote private business and local actions on the SDGs. Students are expected to produce an actionable proposal to initiate transfromations towards sustainability.,To view more information, you need to log in with your CNS account.,湘南藤沢キャンパスシラバス検索システム,©Keio University.
https://syllabus.sfc.keio.ac.jp/courses/2024_48711?locale=ja,JP/EN,ログイン,シラバス,科目名アカデミックプロジェクト（「身体化デザイン」プログラム） ,授業概要,学部・研究科,政策・メディア研究科,登録番号,47796,科目ソート,70002,科目名,アカデミックプロジェクト（「身体化デザイン」プログラム）,分野,プロジェクト科目,単位,1単位,開講年度・学期,2024 春学期,K-Number,GMG-MG-67203-611-88,開講年度・学期,2024 春学期,曜日・時限,授業教員名,石川　初,小林　博人,高汐　一紀,仲谷　正史,諏訪　正樹,実施形態,対面,授業で使う言語,日本語,開講場所,SFC, その他,授業形態,※「授業形態」と「能動的学修形式」の対応についてはこちらをご覧ください。,講義, 演習, グループワーク,GIGAサティフィケート対象,非対象,詳細,講義概要,「身体化デザイン」プログラム,高度に情報化され、構築された社会で人と人が共存して生活する現代、時間も空間も人間の行動そのものも人間のスケールを凌駕する環境の中で私達は日々の生活を送ることを余儀なくされている。しかし人間の制御可能な範囲を越えた事態に対する高度に複雑化したシステムに依存した現代社会には、それに起因する問題が多発している。,　現代のネット社会における匿名性の横行、死に対する体験の不足からくる殺傷に対する意識の欠如など、人間の成長過程における「自分」と環境との実体的な関係の再構築の必要性が語られて久しい。,　建築・都市環境の分野では、高度に専門化され分業化された建築技術に根ざした集団による都市建築物の構築により、誰の認識下にも入らないが為に放置され結果として安全性を欠いた建築物が出現するという事態や、自分とそれを取り巻く集団としてのコミュニティへの介入がなくなることによる住民の孤立、都市生活の安全性の欠如などがそれらであろう。今までの社会では自分が積極的に関わることで成り立っていたことが徐々に他人事にされてしまっているという人任せの志向と深く関係している。,　この現代社会における他人事意識を理解し、その問題に直接的に答えるためには、その問題の最も根幹にある人間の身体性そのものの意味を問い直す必要があるのではないだろうか。自分の身体と心を良く理解し、自分の力でできる或はできないという能力の限界を知り、自分なりの解決方法を獲得し、自分の身の丈にあった人間関係を構築する。このように、自分を理解する者同士の作る豊かな人間集団としての社会構築を目指すためには、人間の「身体」に今一度立ち返って、あらゆる分野の、人間とそれを取り巻く環境との関係の再検証を行なうことが求められている。そのためのアプローチを身体化デザインとして提案する。,今学期は「体感スケッチ」を行います。（３月１６日追記）,シラバスを更に閲覧するにはCNSアカウントでログインが必要です,湘南藤沢キャンパスシラバス検索システム,©Keio University.
https://syllabus.sfc.keio.ac.jp/courses/2024_48711?locale=en,JP/EN,Login,Syllabus,SubjectACADEMIC PROJECT(EMBODIMENT DESIGN PROGRAM) ,Class Information,Faculty/Graduate School,MEDIA AND GOVERNANCE,Course Registration Number,47796,Subject Sort,70002,Title,ACADEMIC PROJECT(EMBODIMENT DESIGN PROGRAM),Field,Project Courses,Unit,1 Unit,Year/Semester,2024 Spring,K-Number,GMG-MG-67203-611-88,Year/Semester,2024 Spring,Day of Week・Period,Lecturer Name,Hajime Ishikawa,Hiroto Kobayashi,Kazunori Takashio,Masashi Nakatani,Masaki Suwa,Class Format,Face-to-face,Language,Japanese,Location,SFC, Other,Class Style,＊Please click here for more information on the correspondence between 'Class Style' and ’Active Learning Methods’.,Lecture, Seminar, Group Work,GIGA Certificate,Not applied,Detail,Course Summary,‘Embodiment Design’ Program,In our highly information-oriented and established world we are forced to live in an environment where time, space and human activities are all over scale in our daily lives. In this current society where people depend on extremely complicated systems which are beyond our control, we face many problems which stem from this situation. ,　Regarding the level of anonymity the current internet society allows, and lack of awareness of murders without experience of death in people’s lives and so on, it has been long since we started to discuss the necessity of reestablishing actual relationships between ‘ourself’ and the environment around us.,　In order to understand the tendency of putting responsibility to others in this contemporary society, and respond to the problem directly, it is necessary to understand the consciousness of the people who the problems stem from. It is necessary to comprehend your body and soul well, to know your capacity with which you can do or cannot do, to establish your own way to solve problems, and to create human relationships matching your lifestyle. ,　To aim to establish a society where people understand themselves well and understand each other, it is necessary to reconfirm how people relate to their environment by redefining their ‘body’ in any field. To understand one's own body and mind well, to know the limits of one's ability to do what one can or cannot do by oneself, to acquire one's own solutions, and to build human relationships that are suited to one's own stature. In this way, in order to build a society as a rich human group made up of people who understand themselves, it is necessary to go back to the human 'body' and re-examine the relationship between humans and the environment that surrounds them in all fields. We propose an approach to this end in the form of embodied design.,In this semester, we will try to do 'Experience Sketch'. (added on March 16th.),To view more information, you need to log in with your CNS account.,湘南藤沢キャンパスシラバス検索システム,©Keio University.
https://syllabus.sfc.keio.ac.jp/courses/2024_48709?locale=ja,JP/EN,ログイン,シラバス,科目名アカデミックプロジェクト（外国語教育デザイン） ,授業概要,学部・研究科,政策・メディア研究科,登録番号,47777,科目ソート,70002,科目名,アカデミックプロジェクト（外国語教育デザイン）,分野,プロジェクト科目,単位,1単位,開講年度・学期,2024 春学期,K-Number,GMG-MG-67203-621-86,開講年度・学期,2024 春学期,曜日・時限,授業教員名,藁谷　郁美,國枝　孝弘,西川　葉澄,宮本　大輔,実施形態,オンライン（ライブ）,授業で使う言語,日本語,開講場所,その他,授業形態,※「授業形態」と「能動的学修形式」の対応についてはこちらをご覧ください。,講義, 演習, グループワーク,GIGAサティフィケート対象,非対象,詳細,講義概要,我々を取り巻く物理空間・仮想空間がグローバル化する中で、多言語・多文化社会（コミュニティ）の理解・他者とのコミュニケーション能力は、いっそう重要視される。多様な言語を切り口にした外国語教育は、この社会の様々な局面・現場でリーダーシップを持って課題を解決できる人材育成を目指す。同時に、実践面だけではなく、定量的実験研究・定性的実践研究等を遂行するための、外国語教育研究の基本を指南する。,シラバスを更に閲覧するにはCNSアカウントでログインが必要です,湘南藤沢キャンパスシラバス検索システム,©Keio University.
https://syllabus.sfc.keio.ac.jp/courses/2024_48709?locale=en,JP/EN,Login,Syllabus,SubjectACADEMIC PROJECT(LANGUAGE LEARNING & TEACHING DESIGN) ,Class Information,Faculty/Graduate School,MEDIA AND GOVERNANCE,Course Registration Number,47777,Subject Sort,70002,Title,ACADEMIC PROJECT(LANGUAGE LEARNING & TEACHING DESIGN),Field,Project Courses,Unit,1 Unit,Year/Semester,2024 Spring,K-Number,GMG-MG-67203-621-86,Year/Semester,2024 Spring,Day of Week・Period,Lecturer Name,Ikumi Waragai,Takahiro Kunieda,Hasumi Nishikawa,Daisuke Miyamoto,Class Format,Online (Live),Language,Japanese,Location,Other,Class Style,＊Please click here for more information on the correspondence between 'Class Style' and ’Active Learning Methods’.,Lecture, Seminar, Group Work,GIGA Certificate,Not applied,Detail,Course Summary,As the globalization of our physical and virtual space proceeds, understanding our multi-lingual and multi-cultural community and the ability to communicate with others are becoming gaining in importance. Foreign language education, which is based on diverse languages, aims to educate human resources, fostering leaders who can solve diverse societal problems. At the same time this project will instruct the participants in the basics of the foreign language education research, not only focusing on the practical approach but also on how to conduct quantitative experimental research as well as qualitative empirical research.,To view more information, you need to log in with your CNS account.,湘南藤沢キャンパスシラバス検索システム,©Keio University.
https://syllabus.sfc.keio.ac.jp/courses/2024_48707?locale=ja,JP/EN,ログイン,シラバス,科目名アカデミックプロジェクト（経験の学） ,授業概要,学部・研究科,政策・メディア研究科,登録番号,47758,科目ソート,70002,科目名,アカデミックプロジェクト（経験の学）,分野,プロジェクト科目,単位,1単位,開講年度・学期,2024 春学期,K-Number,GMG-MG-67203-621-86,開講年度・学期,2024 春学期,曜日・時限,授業教員名,石川　初,諏訪　正樹,木村　健一,山内　朋樹,清水　亮,実施形態,オンライン（ライブ）,授業で使う言語,日本語,開講場所,その他,授業形態,※「授業形態」と「能動的学修形式」の対応についてはこちらをご覧ください。,講義, 演習, グループワーク,GIGAサティフィケート対象,非対象,詳細,講義概要,本APは、「経験」を学問の俎上に乗せるための研究方法論を打ち立てることを目指す。経験を語り、進化・醸成させ、伝承するための学と術を構成的に確立する。,シラバスを更に閲覧するにはCNSアカウントでログインが必要です,湘南藤沢キャンパスシラバス検索システム,©Keio University.
https://syllabus.sfc.keio.ac.jp/courses/2024_48707?locale=en,JP/EN,Login,Syllabus,SubjectACADEMIC PROJECT(EXPERIENCEOLOGY) ,Class Information,Faculty/Graduate School,MEDIA AND GOVERNANCE,Course Registration Number,47758,Subject Sort,70002,Title,ACADEMIC PROJECT(EXPERIENCEOLOGY),Field,Project Courses,Unit,1 Unit,Year/Semester,2024 Spring,K-Number,GMG-MG-67203-621-86,Year/Semester,2024 Spring,Day of Week・Period,Lecturer Name,Hajime Ishikawa,Masaki Suwa,,,Ryo Shimizu,Class Format,Online (Live),Language,Japanese,Location,Other,Class Style,＊Please click here for more information on the correspondence between 'Class Style' and ’Active Learning Methods’.,Lecture, Seminar, Group Work,GIGA Certificate,Not applied,Detail,Course Summary,This project aims at establishing research methodology to examine and discuss"experience in life". The issues are to develop academic disciplines and techniques to(1) verbalize on(2) encourage and enrich(3) pass onto others and younger generationone's own experiences.,To view more information, you need to log in with your CNS account.,湘南藤沢キャンパスシラバス検索システム,©Keio University.
https://syllabus.sfc.keio.ac.jp/courses/2024_48705?locale=ja,JP/EN,ログイン,シラバス,科目名アカデミックプロジェクト（多言語多文化共生社会） ,授業概要,学部・研究科,政策・メディア研究科,登録番号,47739,科目ソート,70002,科目名,アカデミックプロジェクト（多言語多文化共生社会）,分野,プロジェクト科目,単位,1単位,開講年度・学期,2024 春学期,K-Number,GMG-MG-67203-611-85,開講年度・学期,2024 春学期,曜日・時限,授業教員名,藤田　護,新谷　ロクサナ,杉原　由美,伴野　崇生,馬場　わかな,実施形態,対面,授業で使う言語,日本語,開講場所,SFC,授業形態,※「授業形態」と「能動的学修形式」の対応についてはこちらをご覧ください。,演習,GIGAサティフィケート対象,非対象,詳細,講義概要,多様な言語と文化を背景とする人々が共に生きる社会において、以下の3点をめざすプロジェクトです。,１）「どのような言語のありようが見られるのか」といった現象の解明,２）「どのような言語のありようをめざすのか」といった教育と政策の提言,３）「人々はどのように言語を使って生活し、どのような課題に直面しているのか」といった認識に注目して人々の意識改革を促す。,「言語・文化・社会」の研究に携わる教員が共同で研究に取り組みながら、学生が各自のテーマにそった研究をすすめるための指導を行います。,シラバスを更に閲覧するにはCNSアカウントでログインが必要です,湘南藤沢キャンパスシラバス検索システム,©Keio University.
https://syllabus.sfc.keio.ac.jp/courses/2024_48705?locale=en,JP/EN,Login,Syllabus,SubjectACADEMIC PROJECT(MULTILINGUAL AND MULTICULTURAL SOCIETY) ,Class Information,Faculty/Graduate School,MEDIA AND GOVERNANCE,Course Registration Number,47739,Subject Sort,70002,Title,ACADEMIC PROJECT(MULTILINGUAL AND MULTICULTURAL SOCIETY),Field,Project Courses,Unit,1 Unit,Year/Semester,2024 Spring,K-Number,GMG-MG-67203-611-85,Year/Semester,2024 Spring,Day of Week・Period,Lecturer Name,Mamoru Fujita,Rokusana Shintani,Yumi Sugihara,Takao Tomono,Wakana Baba,Class Format,Face-to-face,Language,Japanese,Location,SFC,Class Style,＊Please click here for more information on the correspondence between 'Class Style' and ’Active Learning Methods’.,Seminar,GIGA Certificate,Not applied,Detail,Course Summary,In contemporary societies across the world, people with diverse linguistic and cultural backgrounds encounter and share their living and working environment. What kind of language phenomenon arise in such multilinguistic and multicultural societies? What kind of linguistic and educational policies should be adopted in relation to this diversity? How do people use languages and what kind of problems do they encounter in multicultural settings? In this research project, we will ask and reflect upon questions such as these, seeking to understand linguistic phenomena; to examine, assess and propose linguistic, cultural, and educational policies; and to inquire into how to spread social awareness on problems and challenges regarding coexistence in multilinguistic and multicultural societies. The research project will consist of (1) collaborative research projects on language, culture and society organized by the participating faculty members and graduate students, and (2) advisory sessions centered on the presentations of the students about the progress of their individual research.,To view more information, you need to log in with your CNS account.,湘南藤沢キャンパスシラバス検索システム,©Keio University.
https://syllabus.sfc.keio.ac.jp/courses/2024_48703?locale=ja,JP/EN,ログイン,シラバス,科目名アカデミックプロジェクト（気候変動・災害リスクガバナンスシステム） ,授業概要,学部・研究科,政策・メディア研究科,登録番号,47710,科目ソート,70002,科目名,アカデミックプロジェクト（気候変動・災害リスクガバナンスシステム）,分野,プロジェクト科目,単位,1単位,開講年度・学期,2024 春学期,K-Number,GMG-MG-67203-612-04,開講年度・学期,2024 春学期,曜日・時限,授業教員名,ショウ，　ラジブ,大木　聖子,ヴ，　レ　タオ　チ,一ノ瀬　友博,厳　網林,宮本　佳明,実施形態,対面,授業で使う言語,英語,開講場所,SFC,授業形態,※「授業形態」と「能動的学修形式」の対応についてはこちらをご覧ください。,演習, グループワーク,GIGAサティフィケート対象,非対象,詳細,講義概要,With the enactment of Paris Agreement and the UN SDGs both in 2015, human society is advancing toward a new paradigm that overcome the negative impact of industrialization and find a new way to motor economic growth. It is full of uncertainty and risks without established solutions with conventional social and economic systems. This course is designated to share advanced ideas and technologies to tackle global risks toward resilient and sustainable society through innovations of technology, business models, policy and regulation.,シラバスを更に閲覧するにはCNSアカウントでログインが必要です,湘南藤沢キャンパスシラバス検索システム,©Keio University.
https://syllabus.sfc.keio.ac.jp/courses/2024_48703?locale=en,JP/EN,Login,Syllabus,SubjectACADEMIC PROJECT(CLIMATE CHANGE AND DISASTER RISK GOVERNANCE) ,Class Information,Faculty/Graduate School,MEDIA AND GOVERNANCE,Course Registration Number,47710,Subject Sort,70002,Title,ACADEMIC PROJECT(CLIMATE CHANGE AND DISASTER RISK GOVERNANCE),Field,Project Courses,Unit,1 Unit,Year/Semester,2024 Spring,K-Number,GMG-MG-67203-612-04,Year/Semester,2024 Spring,Day of Week・Period,Lecturer Name,Rajib Shaw,Satoko Oki,Le Thao Chi Vu,Tomohiro Ichinose,Wanglin Yan,Yoshiaki Miyamoto,Class Format,Face-to-face,Language,English,Location,SFC,Class Style,＊Please click here for more information on the correspondence between 'Class Style' and ’Active Learning Methods’.,Seminar, Group Work,GIGA Certificate,Not applied,Detail,Course Summary,With the enactment of Paris Agreement and the UN SDGs both in 2015, human society is advancing toward a new paradigm that overcome the negative impact of industrialization and find a new way to motor economic growth. It is full of uncertainty and risks without established solutions with conventional social and economic systems. This course is designated to share advanced ideas and technologies to tackle global risks toward resilient and sustainable society through innovations of technology, business models, policy and regulation.,To view more information, you need to log in with your CNS account.,湘南藤沢キャンパスシラバス検索システム,©Keio University.
https://syllabus.sfc.keio.ac.jp/courses/2024_48700?locale=ja,JP/EN,ログイン,シラバス,科目名アカデミックプロジェクト（アジアとアフリカをつなぐイニシアティブ） ,授業概要,学部・研究科,政策・メディア研究科,登録番号,47671,科目ソート,70002,科目名,アカデミックプロジェクト（アジアとアフリカをつなぐイニシアティブ）,分野,プロジェクト科目,単位,1単位,開講年度・学期,2024 春学期,K-Number,GMG-MG-67203-612-88,開講年度・学期,2024 春学期,曜日・時限,授業教員名,シェッダーディ，　アキル,長谷部　葉子,小林　博人,実施形態,対面,授業で使う言語,英語,開講場所,SFC, その他,授業形態,※「授業形態」と「能動的学修形式」の対応についてはこちらをご覧ください。,講義, 演習, グループワーク,GIGAサティフィケート対象,非対象,詳細,講義概要,This projects aims to use SFC trans-disciplinary knowledges to create an academic network of connected institutions with SFC as the Japan hubIncreased global interest in Japanese language and cultures has led to government support for cultural outreach programs with a focus on support for policy initiatives in the Asia-Africa corridor The development of direct student-to-student connectivity and innovative materials has lagged. This project will utilize SFC resources to:Develop student-centered connections with institutions supporting Japanese studies (ISP-gombe DRC,etc.)Create an interactive academic network on Japanese studies and p-to-p diplomacy portals,シラバスを更に閲覧するにはCNSアカウントでログインが必要です,湘南藤沢キャンパスシラバス検索システム,©Keio University.
https://syllabus.sfc.keio.ac.jp/courses/2024_48700?locale=en,JP/EN,Login,Syllabus,SubjectACADEMIC PROJECT(ASIAN-AFRICAN CORRIDOR INITIATIVE) ,Class Information,Faculty/Graduate School,MEDIA AND GOVERNANCE,Course Registration Number,47671,Subject Sort,70002,Title,ACADEMIC PROJECT(ASIAN-AFRICAN CORRIDOR INITIATIVE),Field,Project Courses,Unit,1 Unit,Year/Semester,2024 Spring,K-Number,GMG-MG-67203-612-88,Year/Semester,2024 Spring,Day of Week・Period,Lecturer Name,Aqil Cheddadi,Yoko Hasebe,Hiroto Kobayashi,Class Format,Face-to-face,Language,English,Location,SFC, Other,Class Style,＊Please click here for more information on the correspondence between 'Class Style' and ’Active Learning Methods’.,Lecture, Seminar, Group Work,GIGA Certificate,Not applied,Detail,Course Summary,This projects aims to use SFC trans-disciplinary knowledges to create an academic network of connected institutions with SFC as the Japan hubIncreased global interest in Japanese language and cultures has led to government support for cultural outreach programs with a focus on support for policy initiatives in the Asia-Africa corridor The development of direct student-to-student connectivity and innovative materials has lagged. This project will utilize SFC resources to:Develop student-centered connections with institutions supporting Japanese studies (ISP-gombe DRC, St. Stephens College, India etc.)Create an interactive academic network on Japanese studies and p-to-p diplomacy portals,To view more information, you need to log in with your CNS account.,湘南藤沢キャンパスシラバス検索システム,©Keio University.
https://syllabus.sfc.keio.ac.jp/courses/2024_48698?locale=ja,JP/EN,ログイン,シラバス,科目名アカデミックプロジェクト（日常のなかの創造） ,授業概要,学部・研究科,政策・メディア研究科,登録番号,47652,科目ソート,70002,科目名,アカデミックプロジェクト（日常のなかの創造）,分野,プロジェクト科目,単位,1単位,開講年度・学期,2024 春学期,K-Number,GMG-MG-67203-611-88,開講年度・学期,2024 春学期,曜日・時限,授業教員名,石川　初,井庭　崇,鳴川　肇,実施形態,対面,授業で使う言語,日本語,開講場所,SFC,授業形態,※「授業形態」と「能動的学修形式」の対応についてはこちらをご覧ください。,講義, 演習,GIGAサティフィケート対象,非対象,詳細,講義概要,本アカデミック・プロジェクトでは、日常のなかの創造の契機について考察・研究・実践をしていきます。これまで、芸術や科学、商品・サービス開発における創造については多く研究がなされてきましたが、日常の暮らし・仕事等におけるちょっとした創造行為や創造的活動については、まだまだ探究・研究の余地・可能性があると考えています。本プロジェクトは、そのような「日常のなかの創造」についての研究を促進することを目的としています。,参加者が行っている（行おうとしている）「日常のなかの創造」に関わる研究・活動を発表して、他の参加者でそれぞれの観点からフィードバックし、愛で育てるとともに、場合によってはコラボレーションや展開につなげていきます。このような活動によって、これからの「創造社会」（Creative Society）に向けた知見を生み出すとともに、「日常のなかでの創造」の実践や研究をする力を持つことを目指します。,シラバスを更に閲覧するにはCNSアカウントでログインが必要です,湘南藤沢キャンパスシラバス検索システム,©Keio University.
https://syllabus.sfc.keio.ac.jp/courses/2024_48698?locale=en,JP/EN,Login,Syllabus,SubjectACADEMIC PROJECT(CREATION IN EVERYDAY LIFE) ,Class Information,Faculty/Graduate School,MEDIA AND GOVERNANCE,Course Registration Number,47652,Subject Sort,70002,Title,ACADEMIC PROJECT(CREATION IN EVERYDAY LIFE),Field,Project Courses,Unit,1 Unit,Year/Semester,2024 Spring,K-Number,GMG-MG-67203-611-88,Year/Semester,2024 Spring,Day of Week・Period,Lecturer Name,Hajime Ishikawa,Takashi Iba,Hajime Narukawa,Class Format,Face-to-face,Language,Japanese,Location,SFC,Class Style,＊Please click here for more information on the correspondence between 'Class Style' and ’Active Learning Methods’.,Lecture, Seminar,GIGA Certificate,Not applied,Detail,Course Summary,In this academic project, we will examine, research, and practice the opportunities for creativity in everyday life. While much research has been done on creativity in the arts, science, and product/service development, we believe that there is still room and potential for further exploration and research on small creative acts and creative activities in our daily lives and work. The purpose of this project is to promote research on such ‘creativity in everyday life.’,Participants will present their research and activities related to ‘creation in everyday life,’ and other participants will give feedback from their own perspectives and nurture them with love, and in some cases lead to collaboration and development. Through these activities, we will generate knowledge for the future “Creative Society” and develop people who have the ability to practice and research ‘creativity in everyday life.’,To view more information, you need to log in with your CNS account.,湘南藤沢キャンパスシラバス検索システム,©Keio University.
https://syllabus.sfc.keio.ac.jp/courses/2024_48696?locale=ja,JP/EN,ログイン,シラバス,科目名アカデミックプロジェクト（芸術と科学） ,授業概要,学部・研究科,政策・メディア研究科,登録番号,47633,科目ソート,70002,科目名,アカデミックプロジェクト（芸術と科学）,分野,プロジェクト科目,単位,1単位,開講年度・学期,2024 春学期,K-Number,GMG-MG-67203-611-88,開講年度・学期,2024 春学期,曜日・時限,授業教員名,サベジ，　パトリック　Ｅ,藤井　進也,脇田　玲,巴山　竜来,実施形態,対面,授業で使う言語,日本語,開講場所,SFC,授業形態,※「授業形態」と「能動的学修形式」の対応についてはこちらをご覧ください。,講義,GIGAサティフィケート対象,非対象,詳細,講義概要,芸術と科学を学ぶ大学院生のための交流の場を設けること、その交流を通して、研究の多様性を理解し、自らの研究を俯瞰する視点を獲得することを目的とします。,シラバスを更に閲覧するにはCNSアカウントでログインが必要です,湘南藤沢キャンパスシラバス検索システム,©Keio University.
https://syllabus.sfc.keio.ac.jp/courses/2024_48696?locale=en,JP/EN,Login,Syllabus,SubjectACADEMIC PROJECT(ART AND SCIENCE) ,Class Information,Faculty/Graduate School,MEDIA AND GOVERNANCE,Course Registration Number,47633,Subject Sort,70002,Title,ACADEMIC PROJECT(ART AND SCIENCE),Field,Project Courses,Unit,1 Unit,Year/Semester,2024 Spring,K-Number,GMG-MG-67203-611-88,Year/Semester,2024 Spring,Day of Week・Period,Lecturer Name,Patrick Savage E,Shinya Fujii,Akira Wakita,Tatsuki Hayama,Class Format,Face-to-face,Language,Japanese,Location,SFC,Class Style,＊Please click here for more information on the correspondence between 'Class Style' and ’Active Learning Methods’.,Lecture,GIGA Certificate,Not applied,Detail,Course Summary,The purpose of this program is to provide a forum for graduate students studying art and science to interact with each other, and through such interaction, to understand the diversity of research and to gain a bird's eye view of their own research.,To view more information, you need to log in with your CNS account.,湘南藤沢キャンパスシラバス検索システム,©Keio University.
https://syllabus.sfc.keio.ac.jp/courses/2024_37041?locale=ja,JP/EN,ログイン,シラバス,科目名脊椎動物のボディプラン ,授業概要,学部・研究科,政策・メディア研究科,登録番号,23045,科目ソート,95019,科目名,脊椎動物のボディプラン,分野,特設科目,単位,2単位,開講年度・学期,2024 春学期,K-Number,GMG-MG-67303-221-44,開講年度・学期,2024 春学期,曜日・時限,火 4限,授業教員名,黒田　裕樹,実施形態,オンライン（ライブ）,授業で使う言語,日本語,開講場所,その他,授業形態,※「授業形態」と「能動的学修形式」の対応についてはこちらをご覧ください。,講義, 演習,GIGAサティフィケート対象,非対象,詳細,講義概要,我々は、体の内外共に非常に精巧にできた形態をもち、様々な行動をし、時には自分自身が何かという問いを真剣に考えたりします。しかし、そのような複雑な生物個体であっても、その生命のスタート地点では、卵と呼ばれるひとつの球体に過ぎません。それが、時間の経過と共にオートマチックに先に述べた段階に至っていくわけです。粘土を用いて「考える人」の像を作るとすれば、多くの人はまず頭の部位、胴の部位、足の部位などに割り当てる粘土の比率を決定することでしょう。実は生物が体を作っていくために用いる設計様式（ボディプラン）も正に同じようなことを行っています。単純なルールを繰り返すことによって、複雑なものを形成していくのです。本科目では、生物が実際に用いているボディプランを学んでいただきます。,シラバスを更に閲覧するにはCNSアカウントでログインが必要です,湘南藤沢キャンパスシラバス検索システム,©Keio University.
https://syllabus.sfc.keio.ac.jp/courses/2024_37041?locale=en,JP/EN,Login,Syllabus,SubjectTHE BODY PLAN OF VERTEBRATE ,Class Information,Faculty/Graduate School,MEDIA AND GOVERNANCE,Course Registration Number,23045,Subject Sort,95019,Title,THE BODY PLAN OF VERTEBRATE,Field,Special Courses,Unit,2 Unit,Year/Semester,2024 Spring,K-Number,GMG-MG-67303-221-44,Year/Semester,2024 Spring,Day of Week・Period,Tue 4th,Lecturer Name,Hiroki Kuroda,Class Format,Online (Live),Language,Japanese,Location,Other,Class Style,＊Please click here for more information on the correspondence between 'Class Style' and ’Active Learning Methods’.,Lecture, Seminar,GIGA Certificate,Not applied,Detail,Course Summary,Multicellular organisms like us have very complex and elaborate morphologies.We can use it to do a variety of things, and interestingly, people can seriously consider the question of what they are.However, even such a complex organism is just a single sphere called an egg at the beginning of its life.The ultimate simple form automatically changes over time into the complex form described above.If you were to use clay to create an image of a "thinking person," many would first determine the proportion of clay to be allocated to the head, torso, and feet.In fact, the design style (body plan) used by living organisms to create the body does exactly the same way.By repeating simple rules, complex things can be created.In this class, you will learn the body plan that creatures actually use.,To view more information, you need to log in with your CNS account.,湘南藤沢キャンパスシラバス検索システム,©Keio University.
https://syllabus.sfc.keio.ac.jp/courses/2024_37660?locale=ja,JP/EN,ログイン,シラバス,科目名環境科学技術・政策特論 ,授業概要,学部・研究科,政策・メディア研究科,登録番号,13932,科目ソート,95023,科目名,環境科学技術・政策特論,分野,特設科目,単位,2単位,開講年度・学期,2024 春学期,K-Number,GMG-MG-67303-222-88,開講年度・学期,2024 春学期,曜日・時限,月 4限,授業教員名,宮本　佳明,安藤　景太,泰岡　顕治,和田　直樹,実施形態,オンライン（ライブ）,授業で使う言語,英語,開講場所,SFC, その他,授業形態,※「授業形態」と「能動的学修形式」の対応についてはこちらをご覧ください。,講義, 演習, グループワーク,GIGAサティフィケート対象,非対象,詳細,講義概要,本講義は、環境技術及び環境政策に関わる調査分析手法を習得することを目的とする。ほとんどの環境に関わる問題は、そのスケールが大きく、かつ自然科学分野と社会科学分野にまたがる。本講義では、具体的な環境問題に取り組む中で、分野横断型のアプローチを身につける。個々の技術や手法を習得することだけに意味があるのではなく、問題を包括的に捉え、限られた時間と資源の中でどのような体制を作り、どこから着手していくべきか、環境問題解決のための総合力をつけることが、最終的な目的である。複雑な環境問題に、一人の専門家が挑むことは基本的にあり得ない。様々な専門家とステークホルダーの協働により取り組むことが求められる。本コースで育成を目指す環境リーダーは、問題の核心とその範囲を理解し、専門家からもたらされるアウトプットを理解する必要がある。その上で、チーム全体を統括し、問題解決のための具体的な対策の実行まで到達しなければならない。本講義では、実習としてプロジェクトに取り組む過程で、手法を理解し、総合力を熟成する。,シラバスを更に閲覧するにはCNSアカウントでログインが必要です,湘南藤沢キャンパスシラバス検索システム,©Keio University.
https://syllabus.sfc.keio.ac.jp/courses/2024_37660?locale=en,JP/EN,Login,Syllabus,SubjectENVIRONMENTAL TECHNOSCIENCE AND POLICY ,Class Information,Faculty/Graduate School,MEDIA AND GOVERNANCE,Course Registration Number,13932,Subject Sort,95023,Title,ENVIRONMENTAL TECHNOSCIENCE AND POLICY,Field,Special Courses,Unit,2 Unit,Year/Semester,2024 Spring,K-Number,GMG-MG-67303-222-88,Year/Semester,2024 Spring,Day of Week・Period,Mon 4th,Lecturer Name,Yoshiaki Miyamoto,Keita Ando,Kenji Yasuoka,Naoki Wada,Class Format,Online (Live),Language,English,Location,SFC, Other,Class Style,＊Please click here for more information on the correspondence between 'Class Style' and ’Active Learning Methods’.,Lecture, Seminar, Group Work,GIGA Certificate,Not applied,Detail,Course Summary,This course is intended to convey investigative analysis methods about environmental technoscience and environmental policy. Environmental issues are vast and span the natural and social sciences fields. In this course, students gain the ability to approach interdisciplinary subjects while dealing with practical environmental issues. The key significance of this study lies not in acquiring individual techniques or methods as much as in reaching the final objective―gaining a comprehensive ability to resolve environmental problems by gaining a comprehensive understanding of an issue, knowing how to create a framework while under time and resource constraints, and understanding which issues must be dealt with first. A specialist can't tackle a complex environmental problem on his or her own. It is necessary to meet challenges through collaboration with a variety of specialists and stakeholders. This course aims to nurture environmental leaders, who must understand the core and scope of the problems and understand the output provided by specialists. They must manage their teams comprehensively to execute practical measures to resolve problems. Students understand the relevant methods in this course and develop comprehensive abilities by taking on projects as a form of practical training.,To view more information, you need to log in with your CNS account.,湘南藤沢キャンパスシラバス検索システム,©Keio University.
https://syllabus.sfc.keio.ac.jp/courses/2024_44309?locale=ja,JP/EN,ログイン,シラバス,科目名日本語インテンシブ１ B/日本語インテンシブ１ ,授業概要,学部・研究科,総合政策・環境情報学部,登録番号,35739,科目ソート,B2281,科目名,日本語インテンシブ１,分野,基盤科目-言語コミュニケーション科目,単位,4単位,開講年度・学期,2024 春学期,K-Number,FPE-CO-02802-111-02,学部・研究科,政策・メディア研究科,登録番号,35337,科目ソート,97008,科目名,日本語インテンシブ１,分野,自由科目,単位,4単位,開講年度・学期,2024 春学期,K-Number,GMG-MG-67603-111-02,開講年度・学期,2024 春学期,曜日・時限,火 1限, 水 1限, 水 2限, 金 2限,授業教員名,白頭　宏美,伴野　崇生,西山　陽子,実施形態,対面,授業で使う言語,日本語,開講場所,SFC,授業形態,※「授業形態」と「能動的学修形式」の対応についてはこちらをご覧ください。,講義, 演習, グループワーク,GIGAサティフィケート対象,非対象,詳細,講義概要,日本語レベルが中級前半（ちゅうきゅうぜんはん）の人、日本語インテンシブ初級２がおわった人のためのコースです。,日本語を使って、研究会（けんきゅうかい）など、SFCのいろいろなコミュニティに参加（さんか）し、日常的な話題について理解したり考えを発信したりできることを目指（めざ）します。,文法（ぶんぽう）や語彙（ごい）、漢字の勉強（べんきょう）をしながら、読む・書く・聞く・話すの４つの技能（ぎのう）をのばします。 発表（はっぴょう）や作文（さくぶん）、プロジェクトワークなどもします。,また、スキル別（「口頭表現」「文法・作文」「漢字・語彙」）のクラスに分かれて、自分に必要な学習をします。,シラバスを更に閲覧するにはCNSアカウントでログインが必要です,湘南藤沢キャンパスシラバス検索システム,©Keio University.
https://syllabus.sfc.keio.ac.jp/courses/2024_44309?locale=en,JP/EN,Login,Syllabus,SubjectJAPANESE INTENSIVE 1 B/JAPANESE INTENSIVE 1 ,Class Information,Faculty/Graduate School,POLICY MANAGEMENT / ENVIRONMENT AND INFORMATION STUDIES,Course Registration Number,35739,Subject Sort,B2281,Title,JAPANESE INTENSIVE 1,Field,Fundamental Subjects - Subjects of Language Communication,Unit,4 Unit,Year/Semester,2024 Spring,K-Number,FPE-CO-02802-111-02,Faculty/Graduate School,MEDIA AND GOVERNANCE,Course Registration Number,35337,Subject Sort,97008,Title,JAPANESE INTENSIVE 1,Field,Optional Subjects,Unit,4 Unit,Year/Semester,2024 Spring,K-Number,GMG-MG-67603-111-02,Year/Semester,2024 Spring,Day of Week・Period,Tue 1st, Wed 1st, Wed 2nd, Fri 2nd,Lecturer Name,Hiromi Hakuto,Takao Tomono,Yoko Nishiyama,Class Format,Face-to-face,Language,Japanese,Location,SFC,Class Style,＊Please click here for more information on the correspondence between 'Class Style' and ’Active Learning Methods’.,Lecture, Seminar, Group Work,GIGA Certificate,Not applied,Detail,Course Summary,This course is designed for students at a lower intermediate level, as well as those who successfully completed Japanese Intensive Elementary 2 in the previous semester. ,The aim of this course is to enable students to comprehend information on everyday topics and express their thoughts in Japanese in SFC communities, such as research seminars.,In this course, students will enhance their Japanese language skills in reading, listening, writing, and speaking, alongside acquiring knowledge of Japanese grammar, vocabulary, and Kanji. Students will also engage in presentations, writing, project work, and other activities.,Additionally, skill-based classes are offered. Students will participate in either "Oral Expression," "Grammar and Composition," or "Kanji and Vocabulary" classes to improve their language skills.,To view more information, you need to log in with your CNS account.,湘南藤沢キャンパスシラバス検索システム,©Keio University.
https://syllabus.sfc.keio.ac.jp/courses/2024_38353?locale=ja,JP/EN,ログイン,シラバス,科目名日本語インテンシブ２ A,授業概要,学部・研究科,総合政策・環境情報学部,登録番号,01110,科目ソート,B2282,科目名,日本語インテンシブ２,分野,基盤科目-言語コミュニケーション科目,単位,4単位,開講年度・学期,2024 春学期,K-Number,FPE-CO-02802-111-02,学部・研究科,政策・メディア研究科,登録番号,18915,科目ソート,97009,科目名,日本語インテンシブ２,分野,自由科目,単位,4単位,開講年度・学期,2024 春学期,K-Number,GMG-MG-67603-111-02,開講年度・学期,2024 春学期,曜日・時限,水 1限, 水 2限, 金 1限, 金 2限,授業教員名,白頭　宏美,鈴木　理子,実施形態,対面,授業で使う言語,日本語,開講場所,SFC,授業形態,※「授業形態」と「能動的学修形式」の対応についてはこちらをご覧ください。,講義, 演習, グループワーク,GIGAサティフィケート対象,非対象,詳細,講義概要,日本語レベルが中級前半（ちゅうきゅうぜんはん）の人、日本語インテンシブ１がおわった人のためのコースです。,研究会（けんきゅうかい）など、SFCのいろいろなコミュニティに参加（さんか）して、関心のあるテーマについて、簡単な情報を得たり、発信できることを目指（めざ）します。,文法（ぶんぽう）や語彙（ごい）、漢字の勉強（べんきょう）をしながら、読む・書く・聞く・話すの４つの技能（ぎのう）をのばします。 発表（はっぴょう）や作文（さくぶん）、プロジェクトワークなどもします。,また、スキル別（「口頭表現」「文法・作文」「漢字語彙」）のクラスに分かれて、自分に必要な学習をします。,シラバスを更に閲覧するにはCNSアカウントでログインが必要です,湘南藤沢キャンパスシラバス検索システム,©Keio University.
https://syllabus.sfc.keio.ac.jp/courses/2024_38353?locale=en,JP/EN,Login,Syllabus,SubjectJAPANESE INTENSIVE 2 A/JAPANESE INTENSIVE 2 ,Class Information,Faculty/Graduate School,POLICY MANAGEMENT / ENVIRONMENT AND INFORMATION STUDIES,Course Registration Number,01110,Subject Sort,B2282,Title,JAPANESE INTENSIVE 2,Field,Fundamental Subjects - Subjects of Language Communication,Unit,4 Unit,Year/Semester,2024 Spring,K-Number,FPE-CO-02802-111-02,Faculty/Graduate School,MEDIA AND GOVERNANCE,Course Registration Number,18915,Subject Sort,97009,Title,JAPANESE INTENSIVE 2,Field,Optional Subjects,Unit,4 Unit,Year/Semester,2024 Spring,K-Number,GMG-MG-67603-111-02,Year/Semester,2024 Spring,Day of Week・Period,Wed 1st, Wed 2nd, Fri 1st, Fri 2nd,Lecturer Name,Hiromi Hakuto,Satoko Suzuki,Class Format,Face-to-face,Language,Japanese,Location,SFC,Class Style,＊Please click here for more information on the correspondence between 'Class Style' and ’Active Learning Methods’.,Lecture, Seminar, Group Work,GIGA Certificate,Not applied,Detail,Course Summary,This course is designed for students at a lower intermediate level as well as those who successfully completed Japanese Intensive 1 in the previous semester.,The objective of this course is to enable students to participate in SFC communities, such as research seminars, and exchange basic information on topics of interest.,In this course, students will improve their Japanese language skills in reading, listening, writing, and speaking, alongside acquiring knowledge of Japanese grammar, vocabulary, and Kanji. Students will also engage in presentations, writing, project work, and other activities.,In addition, skill-based classes are offered. Students will participate in either "Oral Expression," "Grammar and Composition," or "Kanji Vocabulary" classes to improve their language skills.,To view more information, you need to log in with your CNS account.,湘南藤沢キャンパスシラバス検索システム,©Keio University.
https://syllabus.sfc.keio.ac.jp/courses/2024_47236?locale=ja,JP/EN,ログイン,シラバス,科目名日本語インテンシブ３ B/日本語インテンシブ３ ,授業概要,学部・研究科,総合政策・環境情報学部,登録番号,42354,科目ソート,B2283,科目名,日本語インテンシブ３,分野,基盤科目-言語コミュニケーション科目,単位,4単位,開講年度・学期,2024 春学期,K-Number,FPE-CO-02802-111-02,学部・研究科,政策・メディア研究科,登録番号,42670,科目ソート,97010,科目名,日本語インテンシブ３,分野,自由科目,単位,4単位,開講年度・学期,2024 春学期,K-Number,GMG-MG-67603-111-02,開講年度・学期,2024 春学期,曜日・時限,水 1限, 水 2限, 金 1限, 金 2限,授業教員名,甲斐　晶子,伴野　崇生,実施形態,対面,授業で使う言語,日本語,開講場所,SFC,授業形態,※「授業形態」と「能動的学修形式」の対応についてはこちらをご覧ください。,講義, 演習, グループワーク,GIGAサティフィケート対象,非対象,詳細,講義概要,日本語のレベルが中級後半(ちゅうきゅうこうはん)の人、日本語インテンシブ２がおわった人のためのコースです。,研究会などで、自分の専門分野（せんもんぶんや）について、日本語で基本的（きほんてき）な情報（じょうほう）を理解し、発信することができることを目指します。,文法（ぶんぽう）や語彙（ごい）、漢字の勉強（べんきょう）をしながら、読む・書く・聞く・話すの４つの技能（ぎのう）を伸(の)ばします。また、「書く・話す」などの運用練習（うんようれんしゅう）もします。さらに、スキル別（「口頭表現」「文法・作文」「漢字語彙」）のクラスに分かれて、自分に必要な学習をします。,シラバスを更に閲覧するにはCNSアカウントでログインが必要です,湘南藤沢キャンパスシラバス検索システム,©Keio University.
https://syllabus.sfc.keio.ac.jp/courses/2024_47236?locale=en,JP/EN,Login,Syllabus,SubjectJAPANESE INTENSIVE 3 B/JAPANESE INTENSIVE 3 ,Class Information,Faculty/Graduate School,POLICY MANAGEMENT / ENVIRONMENT AND INFORMATION STUDIES,Course Registration Number,42354,Subject Sort,B2283,Title,JAPANESE INTENSIVE 3,Field,Fundamental Subjects - Subjects of Language Communication,Unit,4 Unit,Year/Semester,2024 Spring,K-Number,FPE-CO-02802-111-02,Faculty/Graduate School,MEDIA AND GOVERNANCE,Course Registration Number,42670,Subject Sort,97010,Title,JAPANESE INTENSIVE 3,Field,Optional Subjects,Unit,4 Unit,Year/Semester,2024 Spring,K-Number,GMG-MG-67603-111-02,Year/Semester,2024 Spring,Day of Week・Period,Wed 1st, Wed 2nd, Fri 1st, Fri 2nd,Lecturer Name,Akiko Kai,Takao Tomono,Class Format,Face-to-face,Language,Japanese,Location,SFC,Class Style,＊Please click here for more information on the correspondence between 'Class Style' and ’Active Learning Methods’.,Lecture, Seminar, Group Work,GIGA Certificate,Not applied,Detail,Course Summary,This course is designed for students at the upper intermediate level of Japanese, as well as those who successfully completed Japanese Intensive 2 in the previous semester. ,The objective of this course is to enable students to comprehend and provide basic information in Japanese on their areas of expertise in research seminars. ,In this course, students will brush up their Japanese language skills in reading, writing, speaking, and listening, alongside acquiring knowledge of Japanese grammar, vocabulary, and Kanji. Students will also engage in applied activities such as writing essays, presenting, and discussing on topics of interest.,In addition, skill-based classes are offered. Students will participate in either "Oral Expression," "Grammar and Composition," or "Kanji Vocabulary" classes to improve their language skills.,To view more information, you need to log in with your CNS account.,湘南藤沢キャンパスシラバス検索システム,©Keio University.
https://syllabus.sfc.keio.ac.jp/courses/2024_44841?locale=ja,JP/EN,ログイン,シラバス,科目名日本語インテンシブ初級２ A/日本語インテンシブ初級２ ,授業概要,学部・研究科,総合政策・環境情報学部,登録番号,37234,科目ソート,B2286,科目名,日本語インテンシブ初級２,分野,基盤科目-言語コミュニケーション科目,単位,4単位,開講年度・学期,2024 春学期,K-Number,FPE-CO-02802-111-02,学部・研究科,政策・メディア研究科,登録番号,37249,科目ソート,97017,科目名,日本語インテンシブ初級２,分野,自由科目,単位,4単位,開講年度・学期,2024 春学期,K-Number,GMG-MG-67603-111-02,開講年度・学期,2024 春学期,曜日・時限,水 1限, 水 2限, 金 1限, 金 2限,授業教員名,佐藤　貴仁,富岡　花,実施形態,対面,授業で使う言語,日本語,開講場所,SFC,授業形態,※「授業形態」と「能動的学修形式」の対応についてはこちらをご覧ください。,講義, 演習, グループワーク,GIGAサティフィケート対象,非対象,詳細,講義概要,このクラスは、初級（しょきゅう）後半（こうはん）の人、日本語インテンシブ初級１がおわった人のためのコースです。,身近なコミュニティーで、日本語を使（つか）って自分（じぶん）について話したり、自分の考（かんが）えを表現（ひょうげん）できることを目指（めざ）します。初級レベルのことばや文法（ぶんぽう）、漢字（かんじ）や会話表現（かいわひょうげん）も勉強しながら、自分の経験（けいけん）や考（かんが）えを日本語（にほんご）で話（はな）したり、書（か）いたりします。,シラバスを更に閲覧するにはCNSアカウントでログインが必要です,湘南藤沢キャンパスシラバス検索システム,©Keio University.
https://syllabus.sfc.keio.ac.jp/courses/2024_44841?locale=en,JP/EN,Login,Syllabus,SubjectJAPANESE INTENSIVE - ELEMENTARY 2 A/JAPANESE INTENSIVE - ELEMENTARY 2 ,Class Information,Faculty/Graduate School,POLICY MANAGEMENT / ENVIRONMENT AND INFORMATION STUDIES,Course Registration Number,37234,Subject Sort,B2286,Title,JAPANESE INTENSIVE - ELEMENTARY 2,Field,Fundamental Subjects - Subjects of Language Communication,Unit,4 Unit,Year/Semester,2024 Spring,K-Number,FPE-CO-02802-111-02,Faculty/Graduate School,MEDIA AND GOVERNANCE,Course Registration Number,37249,Subject Sort,97017,Title,JAPANESE INTENSIVE - ELEMENTARY 2,Field,Optional Subjects,Unit,4 Unit,Year/Semester,2024 Spring,K-Number,GMG-MG-67603-111-02,Year/Semester,2024 Spring,Day of Week・Period,Wed 1st, Wed 2nd, Fri 1st, Fri 2nd,Lecturer Name,Takahito Sato,Hana Tomioka,Class Format,Face-to-face,Language,Japanese,Location,SFC,Class Style,＊Please click here for more information on the correspondence between 'Class Style' and ’Active Learning Methods’.,Lecture, Seminar, Group Work,GIGA Certificate,Not applied,Detail,Course Summary,This course is for students in the upper elementary level of Japanese, as well as those who successfully completed Japanese Intensive Elementary 1 in the previous semester. ,This course aims to enable students to express personal experiences and their thoughts in Japanese within their familiar context.,In this course, students will speak and write about their experiences and thoughts, learning vocabulary, grammar, Kanji, and conversational expressions at the elementary level.,To view more information, you need to log in with your CNS account.,湘南藤沢キャンパスシラバス検索システム,©Keio University.
https://syllabus.sfc.keio.ac.jp/courses/2024_47317?locale=ja,JP/EN,ログイン,シラバス,科目名不動産デザイン１ (寄附講座),授業概要,学部・研究科,総合政策・環境情報学部,登録番号,42828,科目ソート,X1111,科目名,不動産デザイン１,分野,特設科目,単位,2単位,開講年度・学期,2024 春学期,K-Number,FPE-CO-06103-211-87,学部・研究科,政策・メディア研究科,登録番号,42756,科目ソート,95050,科目名,不動産デザイン１,分野,特設科目,単位,2単位,開講年度・学期,2024 春学期,K-Number,GMG-MG-67303-211-87,開講年度・学期,2024 春学期,曜日・時限,月 4限,授業教員名,小林　博人,上田　真路,実施形態,対面,授業で使う言語,日本語,開講場所,SFC, その他,授業形態,※「授業形態」と「能動的学修形式」の対応についてはこちらをご覧ください。,講義, 演習, グループワーク,GIGAサティフィケート対象,非対象,詳細,講義概要,コロナによるパンデミックを経験した世界の諸都市は今、これまで常識だと思われていた都市開発の手法をその根本から見直さなければならない時代に入った。これからの先の読めない社会に対して私たちはどのような都市の未来を描けばいいのだろうか。　,都市の様相や経済は様々な要因によって変化し、それに伴いその空間も変容する。本講座では、都市空間や都市経済の変容がどのように成り立ってきたのか、またどのような不動産メカニズムの下で起き、その時にどのような条件を考慮に入れ、何を目標としてその開発を行われなければならないのかを、春学期・秋学期を通して、具体的な不動産開発・投資の事例(ケース・スタディ)を国内外より挙げながら考察する。 ,また、米国ハーバード大学、MITより不動産デザインを教える教授陣を迎え、これからの都市開発の行方について議論するとともに、日本の都市の将来について考察を行う。併せて、ポストコロナの時代の地方の価値向上やシェアリングエコノミーの台頭における不動産デザインの可能性を探る。, ,シラバスを更に閲覧するにはCNSアカウントでログインが必要です,湘南藤沢キャンパスシラバス検索システム,©Keio University.
https://syllabus.sfc.keio.ac.jp/courses/2024_47317?locale=en,JP/EN,Login,Syllabus,SubjectREAL ESTATE DESIGN 1 (寄附講座),Class Information,Faculty/Graduate School,POLICY MANAGEMENT / ENVIRONMENT AND INFORMATION STUDIES,Course Registration Number,42828,Subject Sort,X1111,Title,REAL ESTATE DESIGN 1,Field,Special Subjects,Unit,2 Unit,Year/Semester,2024 Spring,K-Number,FPE-CO-06103-211-87,Faculty/Graduate School,MEDIA AND GOVERNANCE,Course Registration Number,42756,Subject Sort,95050,Title,REAL ESTATE DESIGN 1,Field,Special Courses,Unit,2 Unit,Year/Semester,2024 Spring,K-Number,GMG-MG-67303-211-87,Year/Semester,2024 Spring,Day of Week・Period,Mon 4th,Lecturer Name,Hiroto Kobayashi,Masamichi Ueta,Class Format,Face-to-face,Language,Japanese,Location,SFC, Other,Class Style,＊Please click here for more information on the correspondence between 'Class Style' and ’Active Learning Methods’.,Lecture, Seminar, Group Work,GIGA Certificate,Not applied,Detail,Course Summary,Following the Coronavirus pandemic, cities around the world have entered an new era in which we must fundamentally rethink methods of urban development that were once considered common sense. What kind of urban future should we envision in the VUCA (Volatile・Uncertain・Complex・Ambiguous) world?,The economy and fabric of cities transform due to various factors, as do their spatial qualities. In this course, we will explore the goals of urbanization, the conditions that shape these goals, and the factors and mechanisms of real estate development. We will investigate the cause of transformations in urban economy and space, citing specific examples of real estate and investment case studies from Japan and abroad.,In addition, we will welcome professors who teach real estate design from Harvard University and MIT in the United States to discuss the future of urban development and consider the future of Japanese cities. At the same time, we will explore the possibilities of real estate design in the post-corona era, considering local values and the rise of the sharing economy.,To view more information, you need to log in with your CNS account.,湘南藤沢キャンパスシラバス検索システム,©Keio University.
https://syllabus.sfc.keio.ac.jp/courses/2024_22432?locale=ja,JP/EN,ログイン,シラバス,科目名地誌 ,授業概要,学部・研究科,教職課程センター,登録番号,19118,科目ソート,92018,科目名,地誌,分野,自由科目,単位,2単位,開講年度・学期,2024 春学期,K-Number,開講年度・学期,2024 春学期,曜日・時限,月 1限,授業教員名,渡邊　圭一,実施形態,対面,授業で使う言語,日本語,開講場所,SFC,授業形態,※「授業形態」と「能動的学修形式」の対応についてはこちらをご覧ください。,講義,GIGAサティフィケート対象,非対象,詳細,講義概要,地理学とは、地表上の空間における自然および人間の営みを対象とする学問であり、系統地理学と地誌学で構成される。本講義では、後者の地誌について、今日のグローバル経済を牽引する世界都市や産業集積を事例として、現状や問題点などを学ぶ。単なる知識の暗記ではなく、地理学的なものの見方の習得を重視する。,シラバスを更に閲覧するにはCNSアカウントでログインが必要です,湘南藤沢キャンパスシラバス検索システム,©Keio University.
https://syllabus.sfc.keio.ac.jp/courses/2024_22432?locale=en,JP/EN,Login,Syllabus,SubjectGEOGRAPHICAL DESCRIPTION ,Class Information,Faculty/Graduate School,TEACHER TRAINING CENTER,Course Registration Number,19118,Subject Sort,92018,Title,GEOGRAPHICAL DESCRIPTION,Field,Optional Subjects,Unit,2 Unit,Year/Semester,2024 Spring,K-Number,Year/Semester,2024 Spring,Day of Week・Period,Mon 1st,Lecturer Name,Keiichi Watanabe,Class Format,Face-to-face,Language,Japanese,Location,SFC,Class Style,＊Please click here for more information on the correspondence between 'Class Style' and ’Active Learning Methods’.,Lecture,GIGA Certificate,Not applied,Detail,Course Summary,Geography is a study that researche on natural environment and human activities in the space on the earth, which consists of systematic geography and regional geography. In this lecture, we will learn about the latter, explaining current state and problems of “Global Cities” and industrial agglomerations in the global economy. We emphasize learning how to see things geographically, rather than simply memorizing knowledge.,To view more information, you need to log in with your CNS account.,湘南藤沢キャンパスシラバス検索システム,©Keio University.
https://syllabus.sfc.keio.ac.jp/courses/2024_42622?locale=ja,JP/EN,ログイン,シラバス,科目名サイバーセキュリティ・ケーススタディ ,授業概要,学部・研究科,政策・メディア研究科,登録番号,27768,科目ソート,95026,科目名,サイバーセキュリティ・ケーススタディ,分野,特設科目,単位,2単位,開講年度・学期,2024 春学期,K-Number,GMG-MG-67303-221-60,開講年度・学期,2024 春学期,曜日・時限,水 2限,授業教員名,小林　和真,実施形態,オンライン（ライブ）,授業で使う言語,日本語,開講場所,その他,授業形態,※「授業形態」と「能動的学修形式」の対応についてはこちらをご覧ください。,講義,GIGAサティフィケート対象,非対象,詳細,講義概要,サイバーセキュリティは情報社会また今後のIoT社会を支える基盤としてその重要性が高まっている。サイバーセキュリティの実践にあたっては技術的な知識だけでなく組織管理や人間工学、法律、政策など様々な事項についての総合的な取り組みが求められる。　本科目は実際に発生した様々なサイバーセキュリティに関するインシデント等の事例を取り上げ多面的に分析しどのような事前の取り組みが必要だったのか、またそういった事案を防止するための技術的な対策、政策的な対策など今後求められるサイバーセキュリティの取り組みについて議論を行う。またこれらの分析を通じてサイバーセキュリティ人材に求められる知見やスキル、センスについての理解を深める。　本科目ではサイバーセキュリティの様々な側面を代表する事例を取り上げ各自分析した結果を持ち寄り、議論を行う。この過程を通じて現実的なサイバーセキュリティの課題についての理解を深め複雑な課題について様々な知見を活用して問題解決や意思決定を行うプロセスを疑似体験し実社会における問題解決に必要な能力を習得する。,シラバスを更に閲覧するにはCNSアカウントでログインが必要です,湘南藤沢キャンパスシラバス検索システム,©Keio University.
https://syllabus.sfc.keio.ac.jp/courses/2024_42622?locale=en,JP/EN,Login,Syllabus,SubjectCYBERSECURITY CASE STUDY ,Class Information,Faculty/Graduate School,MEDIA AND GOVERNANCE,Course Registration Number,27768,Subject Sort,95026,Title,CYBERSECURITY CASE STUDY,Field,Special Courses,Unit,2 Unit,Year/Semester,2024 Spring,K-Number,GMG-MG-67303-221-60,Year/Semester,2024 Spring,Day of Week・Period,Wed 2nd,Lecturer Name,Kazumasa Kobayashi,Class Format,Online (Live),Language,Japanese,Location,Other,Class Style,＊Please click here for more information on the correspondence between 'Class Style' and ’Active Learning Methods’.,Lecture,GIGA Certificate,Not applied,Detail,Course Summary,Cyber ​​security is becoming more important as a foundation to support the information society and the IoT society in the future. In practicing cyber security, not only technical knowledge but also comprehensive efforts on various matters such as organizational management, ergonomics, law, and policy are required.This course takes up cases such as various cyber security incidents that actually occurred, analyzes them from various aspects, what kind of advance measures were necessary, and technical measures to prevent such cases. , Discuss cyber security initiatives that will be required in the future, such as policy measures. In addition, through these analyzes, we will deepen our understanding of the knowledge, skills, and sense required of cyber security personnel.In this course, we will take up cases that represent various aspects of cyber security, bring the results of each analysis, and discuss them. Through this process, you will deepen your understanding of realistic cyber security issues and use various knowledge about complex issues to experience the process of problem solving and decision making in a simulated manner and acquire the abilities necessary for problem solving in the real world. ,To view more information, you need to log in with your CNS account.,湘南藤沢キャンパスシラバス検索システム,©Keio University.
https://syllabus.sfc.keio.ac.jp/courses/2024_42623?locale=ja,JP/EN,ログイン,シラバス,科目名ネットワークセキュリティ ,授業概要,学部・研究科,政策・メディア研究科,登録番号,27772,科目ソート,95027,科目名,ネットワークセキュリティ,分野,特設科目,単位,2単位,開講年度・学期,2024 春学期,K-Number,GMG-MG-67303-211-60,開講年度・学期,2024 春学期,曜日・時限,金 2限,授業教員名,中村　修,実施形態,対面,授業で使う言語,日本語,開講場所,SFC,授業形態,※「授業形態」と「能動的学修形式」の対応についてはこちらをご覧ください。,講義, 演習,GIGAサティフィケート対象,非対象,詳細,講義概要, 本講義はサイバーセキュリティ業務の様々な場面で必要となるネットワークセキュリティに対する知識と経験を付与するものである。,本講義では冒頭でインターネットプロトコル（IP）を中心とする様々なネットワーク技術について概観し、セキュリティに関して重要なプロトコルや各種セキュリティメカニズムについての解説を行う。またファイアウォールやIDSなど実際の機器の設定や監視の実習等を通じてハンズオンの技術習得の機会も設ける。履修者は本講義を通じてネットワークセキュリティに関する設計、構築、運用等の実務に必要な知識とスキルを身につけることができる。,本講講義は社会に求められている高度なネットワークセキュリティに関する知識・技術に関する能力を身につける機会を提供する。,今回は、CISCO Networking Academy のネットワークセキュリティのコースを利用する予定,シラバスを更に閲覧するにはCNSアカウントでログインが必要です,湘南藤沢キャンパスシラバス検索システム,©Keio University.
https://syllabus.sfc.keio.ac.jp/courses/2024_42623?locale=en,JP/EN,Login,Syllabus,SubjectNETWORK SECURITY ,Class Information,Faculty/Graduate School,MEDIA AND GOVERNANCE,Course Registration Number,27772,Subject Sort,95027,Title,NETWORK SECURITY,Field,Special Courses,Unit,2 Unit,Year/Semester,2024 Spring,K-Number,GMG-MG-67303-211-60,Year/Semester,2024 Spring,Day of Week・Period,Fri 2nd,Lecturer Name,Osamu Nakamura,Class Format,Face-to-face,Language,Japanese,Location,SFC,Class Style,＊Please click here for more information on the correspondence between 'Class Style' and ’Active Learning Methods’.,Lecture, Seminar,GIGA Certificate,Not applied,Detail,Course Summary,This lecture gives knowledge and experience on network security which is necessary in various scenes of cyber security work.At the beginning of this lecture we outline various network technologies centered on Internet Protocol (IP), and explain important protocols regarding security and various security mechanisms. We also set up opportunities to master hands-on skills through setting up and monitoring practical equipment such as firewalls and IDS. Students can acquire the knowledge and skills necessary for practical business such as design, construction, operation, etc. on network security through this lecture.This lecture provides opportunities to acquire knowledge and skills related to advanced network security related to society.,We will use network security course of Cisco Networking Academy.,To view more information, you need to log in with your CNS account.,湘南藤沢キャンパスシラバス検索システム,©Keio University.
https://syllabus.sfc.keio.ac.jp/courses/2024_44830?locale=ja,JP/EN,ログイン,シラバス,科目名クリティカル・メイキング 【学期後半】,授業概要,学部・研究科,政策・メディア研究科,登録番号,37454,科目ソート,95038,科目名,クリティカル・メイキング,分野,特設科目,単位,2単位,開講年度・学期,2024 春学期,K-Number,GMG-MG-67303-221-89,開講年度・学期,2024 春学期,曜日・時限,火 1限, 火 2限,授業教員名,田中　浩也,実施形態,オンライン（ライブ）,授業で使う言語,日本語,開講場所,その他,授業形態,※「授業形態」と「能動的学修形式」の対応についてはこちらをご覧ください。,講義, 演習,GIGAサティフィケート対象,非対象,詳細,講義概要,「ものをつくる」ことは人間の本性ですが、行き過ぎた「工業（製造業）」は、地球を破壊し温暖化や気候変動を引き起こしてきました。デジタルに代替できる部分はデジタル化を進めることで、地球への負荷を少なくすることはできますが、人間の生存のために「物質」を必要とする部分は、どうしてもゼロにはなりません。こうしたなかで、デジタルの力を応用しながら、「大量生産、大量消費、大量廃棄」の製造業から脱し、資源循環を基調とするあらたなものづくりへと転換するため、本講義では、まず世界的に勃興している「サーキュラーデザイン」の議論を学びます。さらに日本特有の文化や処理システムも視野にいれながら、文化や地域の特性にあった、新しい循環系を構想することを授業のゴールとします。,本科目は、慶応義塾大学グローバルリサーチインスティチュート「環デザイン＆デジタルマニュファクチャリング創造センター」と連携した内容です。,https://www.kgri.keio.ac.jp/project/2020/C20-09.html,シラバスを更に閲覧するにはCNSアカウントでログインが必要です,湘南藤沢キャンパスシラバス検索システム,©Keio University.
https://syllabus.sfc.keio.ac.jp/courses/2024_44830?locale=en,JP/EN,Login,Syllabus,SubjectCRITICAL MAKING [2nd half of semester],Class Information,Faculty/Graduate School,MEDIA AND GOVERNANCE,Course Registration Number,37454,Subject Sort,95038,Title,CRITICAL MAKING,Field,Special Courses,Unit,2 Unit,Year/Semester,2024 Spring,K-Number,GMG-MG-67303-221-89,Year/Semester,2024 Spring,Day of Week・Period,Tue 1st, Tue 2nd,Lecturer Name,Hiroya Tanaka,Class Format,Online (Live),Language,Japanese,Location,Other,Class Style,＊Please click here for more information on the correspondence between 'Class Style' and ’Active Learning Methods’.,Lecture, Seminar,GIGA Certificate,Not applied,Detail,Course Summary,It is human nature to "make things," but excessive "industry" (manufacturing) has been destroying the earth and causing global warming and climate change. While we can reduce the burden on the earth by promoting digitalization of the parts that can be digitally replaced, the part that requires "materials" for human survival cannot be reduced to zero. In this context, this lecture will first learn about the globally emerging "Circular Design" concept in order to shift away from "mass-production, mass-consumption, mass-disposal" manufacturing and toward a new type of manufacturing based on resource recycling, while applying the power of digital technology. The goal of this course is to envision a new circulatory system that is suited to cultural and regional characteristics, while also taking into consideration Japan's unique culture and processing system.,This course is offered in collaboration with the Center for Circular Design and Digital Manufacturing Creation, Global Research Institute, Keio University.,https://www.kgri.keio.ac.jp/project/2020/C20-09.html,Translated with DeepL.com (free version),To view more information, you need to log in with your CNS account.,湘南藤沢キャンパスシラバス検索システム,©Keio University.
https://syllabus.sfc.keio.ac.jp/courses/2024_47920?locale=ja,JP/EN,ログイン,シラバス,科目名サイバーセキュリティの攻撃と防御 (寄附講座),授業概要,学部・研究科,政策・メディア研究科,登録番号,44448,科目ソート,95056,科目名,サイバーセキュリティの攻撃と防御,分野,特設科目,単位,2単位,開講年度・学期,2024 春学期,K-Number,GMG-MG-67303-211-60,開講年度・学期,2024 春学期,曜日・時限,火 5限,授業教員名,中村　修,実施形態,対面,授業で使う言語,日本語,開講場所,SFC,授業形態,※「授業形態」と「能動的学修形式」の対応についてはこちらをご覧ください。,講義, 演習,GIGAサティフィケート対象,非対象,詳細,講義概要,高校卒業レベルを対象に、セキュリティの理解の前提となる基礎知識（OSなど）や、目に見えないセキュリティを自身の頭でとらえ理解できるよう講義および演習を踏まえ、知識やスキルの底上げを図る。,シラバスを更に閲覧するにはCNSアカウントでログインが必要です,湘南藤沢キャンパスシラバス検索システム,©Keio University.
https://syllabus.sfc.keio.ac.jp/courses/2024_47920?locale=en,JP/EN,Login,Syllabus,SubjectCYBER SECURITY ATTACKS AND DEFENSE (寄附講座),Class Information,Faculty/Graduate School,MEDIA AND GOVERNANCE,Course Registration Number,44448,Subject Sort,95056,Title,CYBER SECURITY ATTACKS AND DEFENSE,Field,Special Courses,Unit,2 Unit,Year/Semester,2024 Spring,K-Number,GMG-MG-67303-211-60,Year/Semester,2024 Spring,Day of Week・Period,Tue 5th,Lecturer Name,Osamu Nakamura,Class Format,Face-to-face,Language,Japanese,Location,SFC,Class Style,＊Please click here for more information on the correspondence between 'Class Style' and ’Active Learning Methods’.,Lecture, Seminar,GIGA Certificate,Not applied,Detail,Course Summary,The program is designed for high school graduates to improve their knowledge and skills based on lectures and exercises so that they can grasp and understand the basic knowledge (OS, etc.) that is a prerequisite for understanding security, and invisible security in their own minds.,To view more information, you need to log in with your CNS account.,湘南藤沢キャンパスシラバス検索システム,©Keio University.